created_at,entry_id,field1,field2,field3,field4,field5,field6
2023-08-05T22:07:03+0100,1,2023-08-05T22:07:03+0100,25.482254028320312,48.64654541015625,1174,25.3,50.0
2023-08-05T22:07:33+0100,2,2023-08-05T22:07:33+0100,23.3380126953125,54.5867919921875,1168,25.3,51.0
2023-08-05T22:08:04+0100,3,2023-08-05T22:08:04+0100,22.026901245117188,58.3251953125,1174,25.3,51.0
2023-08-05T22:08:34+0100,4,2023-08-05T22:08:34+0100,21.22314453125,60.8551025390625,1172,25.3,51.0
2023-08-05T22:09:04+0100,5,2023-08-05T22:09:04+0100,20.713119506835938,62.53662109375,1171,25.3,51.0
2023-08-05T22:09:35+0100,6,2023-08-05T22:09:35+0100,20.42205810546875,63.5986328125,1172,25.3,51.0
2023-08-05T22:10:05+0100,7,2023-08-05T22:10:05+0100,20.22979736328125,64.30816650390625,1172,25.3,51.0
2023-08-05T22:10:36+0100,8,2023-08-05T22:10:36+0100,20.114974975585938,64.6759033203125,1173,25.3,51.0
2023-08-05T22:11:06+0100,9,2023-08-05T22:11:06+0100,20.042877197265625,64.88800048828125,1174,25.3,51.0
2023-08-05T22:11:37+0100,10,2023-08-05T22:11:37+0100,19.984130859375,65.06195068359375,1174,25.3,50.0
2023-08-05T22:12:07+0100,11,2023-08-05T22:12:07+0100,19.970779418945312,65.22674560546875,1176,25.3,51.0
2023-08-05T22:12:38+0100,12,2023-08-05T22:12:38+0100,19.946746826171875,65.29388427734375,1178,25.3,50.0
2023-08-05T22:13:08+0100,13,2023-08-05T22:13:08+0100,19.917373657226562,65.38238525390625,1180,25.3,50.0
2023-08-05T22:13:39+0100,14,2023-08-05T22:13:39+0100,19.898681640625,65.51055908203125,1183,25.3,51.0
2023-08-05T22:14:09+0100,15,2023-08-05T22:14:09+0100,19.871978759765625,65.49835205078125,1186,25.3,50.0
2023-08-05T22:14:39+0100,16,2023-08-05T22:14:39+0100,19.853286743164062,65.53497314453125,1189,25.3,50.0
2023-08-05T22:15:10+0100,17,2023-08-05T22:15:10+0100,19.879989624023438,65.51361083984375,1188,25.3,50.0
2023-08-05T22:15:40+0100,18,2023-08-05T22:15:40+0100,19.842605590820312,65.56396484375,1188,25.3,50.0
2023-08-05T22:16:11+0100,19,2023-08-05T22:16:11+0100,19.821243286132812,65.6463623046875,1190,25.3,50.0
2023-08-05T22:16:41+0100,20,2023-08-05T22:16:41+0100,19.818572998046875,65.64483642578125,1192,25.3,50.0
2023-08-05T22:17:12+0100,21,2023-08-05T22:17:12+0100,19.797210693359375,65.6341552734375,1193,25.3,50.0
2023-08-05T22:17:42+0100,22,2023-08-05T22:17:42+0100,19.794540405273438,65.655517578125,1193,25.3,50.0
2023-08-05T22:18:13+0100,23,2023-08-05T22:18:13+0100,19.807891845703125,65.65093994140625,1196,25.3,50.0
2023-08-05T22:18:43+0100,24,2023-08-05T22:18:43+0100,19.797210693359375,65.70281982421875,1197,25.3,50.0
2023-08-05T22:19:14+0100,25,2023-08-05T22:19:14+0100,19.82391357421875,65.68145751953125,1199,25.3,50.0
2023-08-05T22:19:44+0100,26,2023-08-05T22:19:44+0100,19.794540405273438,65.667724609375,1201,25.3,50.0
2023-08-05T22:20:14+0100,27,2023-08-05T22:20:14+0100,19.797210693359375,65.74859619140625,1202,25.3,50.0
2023-08-05T22:20:45+0100,28,2023-08-05T22:20:45+0100,19.751815795898438,65.78521728515625,1204,25.3,50.0
2023-08-05T22:21:15+0100,29,2023-08-05T22:21:15+0100,19.765167236328125,65.80352783203125,1205,25.3,50.0
2023-08-05T22:21:46+0100,30,2023-08-05T22:21:46+0100,19.762496948242188,65.81268310546875,1206,25.3,50.0
2023-08-05T22:22:16+0100,31,2023-08-05T22:22:16+0100,19.762496948242188,65.802001953125,1208,25.3,50.0
2023-08-05T22:22:47+0100,32,2023-08-05T22:22:47+0100,19.751815795898438,65.79742431640625,1210,25.3,50.0
2023-08-05T22:23:17+0100,33,2023-08-05T22:23:17+0100,19.725112915039062,65.86456298828125,1213,25.3,50.0
2023-08-05T22:23:48+0100,34,2023-08-05T22:23:48+0100,19.71710205078125,65.9423828125,1216,25.3,50.0
2023-08-05T22:24:18+0100,35,2023-08-05T22:24:18+0100,19.687728881835938,65.997314453125,1217,25.3,50.0
2023-08-05T22:24:48+0100,36,2023-08-05T22:24:48+0100,19.719772338867188,66.0003662109375,1233,25.3,50.0
2023-08-05T22:25:19+0100,37,2023-08-05T22:25:19+0100,19.687728881835938,66.0552978515625,1234,25.3,50.0
2023-08-05T22:25:49+0100,38,2023-08-05T22:25:49+0100,19.703750610351562,66.05072021484375,1237,25.3,50.0
2023-08-05T22:26:20+0100,39,2023-08-05T22:26:20+0100,19.687728881835938,66.07818603515625,1239,25.3,50.0
2023-08-05T22:26:50+0100,40,2023-08-05T22:26:50+0100,19.669036865234375,66.09344482421875,1240,25.3,50.0
2023-08-05T22:27:21+0100,41,2023-08-05T22:27:21+0100,19.658355712890625,66.1346435546875,1243,25.3,50.0
2023-08-05T22:27:51+0100,42,2023-08-05T22:27:51+0100,19.650344848632812,66.119384765625,1241,25.3,50.0
2023-08-05T22:28:22+0100,43,2023-08-05T22:28:22+0100,19.6209716796875,66.15142822265625,1250,25.3,50.0
2023-08-05T22:28:52+0100,44,2023-08-05T22:28:52+0100,19.63165283203125,66.180419921875,1250,25.3,50.0
2023-08-05T22:29:23+0100,45,2023-08-05T22:29:23+0100,19.63165283203125,66.19110107421875,1252,25.3,50.0
2023-08-05T22:29:53+0100,46,2023-08-05T22:29:53+0100,19.618301391601562,66.19720458984375,1256,25.3,50.0
2023-08-05T22:30:23+0100,47,2023-08-05T22:30:23+0100,19.594268798828125,66.2322998046875,1258,25.3,50.0
2023-08-05T22:30:54+0100,48,2023-08-05T22:30:54+0100,19.596939086914062,66.2689208984375,1258,25.3,50.0
2023-08-05T22:31:24+0100,49,2023-08-05T22:31:24+0100,19.615631103515625,66.3116455078125,1261,25.3,50.0
2023-08-05T22:31:55+0100,50,2023-08-05T22:31:55+0100,19.602279663085938,66.34063720703125,1263,25.3,50.0
2023-08-05T22:32:25+0100,51,2023-08-05T22:32:25+0100,19.575576782226562,66.375732421875,1264,25.3,50.0
2023-08-05T22:32:56+0100,52,2023-08-05T22:32:56+0100,19.591598510742188,66.3818359375,1266,25.3,50.0
2023-08-05T22:33:26+0100,53,2023-08-05T22:33:26+0100,19.596939086914062,66.33758544921875,1269,25.3,50.0
2023-08-05T22:33:57+0100,54,2023-08-05T22:33:57+0100,19.604949951171875,66.31927490234375,1272,25.3,50.0
2023-08-05T22:34:27+0100,55,2023-08-05T22:34:27+0100,19.639663696289062,66.2994384765625,1272,25.3,50.0
2023-08-05T22:34:57+0100,56,2023-08-05T22:34:57+0100,19.661026000976562,66.204833984375,1274,25.3,50.0
2023-08-05T22:35:28+0100,57,2023-08-05T22:35:28+0100,19.661026000976562,66.23992919921875,1275,25.3,50.0
2023-08-05T22:35:58+0100,58,2023-08-05T22:35:58+0100,19.661026000976562,66.23992919921875,1276,25.3,50.0
2023-08-05T22:36:29+0100,59,2023-08-05T22:36:29+0100,19.666366577148438,66.265869140625,1275,25.3,50.0
2023-08-05T22:36:59+0100,60,2023-08-05T22:36:59+0100,19.690399169921875,66.1834716796875,1275,25.3,50.0
2023-08-05T22:37:30+0100,61,2023-08-05T22:37:30+0100,19.69573974609375,66.1285400390625,1275,25.3,50.0
2023-08-05T22:38:00+0100,62,2023-08-05T22:38:00+0100,19.677047729492188,66.119384765625,1278,25.3,50.0
2023-08-05T22:38:31+0100,63,2023-08-05T22:38:31+0100,19.6636962890625,66.1712646484375,1280,25.3,50.0
2023-08-05T22:39:01+0100,64,2023-08-05T22:39:01+0100,19.669036865234375,66.13922119140625,1282,25.3,50.0
2023-08-05T22:39:31+0100,65,2023-08-05T22:39:31+0100,19.658355712890625,66.192626953125,1283,25.3,50.0
2023-08-05T22:40:02+0100,66,2023-08-05T22:40:02+0100,19.709091186523438,66.14532470703125,1283,25.3,50.0
2023-08-05T22:40:32+0100,67,2023-08-05T22:40:32+0100,19.658355712890625,66.15753173828125,1284,25.3,50.0
2023-08-05T22:41:03+0100,68,2023-08-05T22:41:03+0100,19.698410034179688,66.1529541015625,1286,25.3,50.0
2023-08-05T22:41:33+0100,69,2023-08-05T22:41:33+0100,19.679718017578125,66.2139892578125,1288,25.3,50.0
2023-08-05T22:42:04+0100,70,2023-08-05T22:42:04+0100,19.661026000976562,66.16973876953125,1289,25.3,50.0
2023-08-05T22:42:34+0100,71,2023-08-05T22:42:34+0100,19.687728881835938,66.217041015625,1291,25.3,50.0
2023-08-05T22:43:05+0100,72,2023-08-05T22:43:05+0100,19.682388305664062,66.168212890625,1293,25.3,50.0
2023-08-05T22:43:35+0100,73,2023-08-05T22:43:35+0100,19.693069458007812,66.11480712890625,1293,25.3,50.0
2023-08-05T22:44:06+0100,74,2023-08-05T22:44:06+0100,19.679718017578125,66.16668701171875,1292,25.3,50.0
2023-08-05T22:44:36+0100,75,2023-08-05T22:44:36+0100,19.687728881835938,66.12396240234375,1294,25.3,50.0
2023-08-05T22:45:06+0100,76,2023-08-05T22:45:06+0100,19.698410034179688,66.10565185546875,1297,25.3,50.0
2023-08-05T22:45:37+0100,77,2023-08-05T22:45:37+0100,19.703750610351562,66.16668701171875,1303,25.3,50.0
2023-08-05T22:46:07+0100,78,2023-08-05T22:46:07+0100,19.677047729492188,66.14227294921875,1304,25.3,50.0
2023-08-05T22:46:38+0100,79,2023-08-05T22:46:38+0100,19.693069458007812,66.12701416015625,1307,25.3,50.0
2023-08-05T22:47:08+0100,80,2023-08-05T22:47:08+0100,19.68505859375,66.15753173828125,1327,25.3,50.0
2023-08-05T22:47:39+0100,81,2023-08-05T22:47:39+0100,19.722442626953125,66.1865234375,1329,25.3,50.0
2023-08-05T22:48:09+0100,82,2023-08-05T22:48:09+0100,19.693069458007812,66.1041259765625,1331,25.3,50.0
2023-08-05T22:48:40+0100,83,2023-08-05T22:48:40+0100,19.6636962890625,66.19415283203125,1335,25.3,50.0
2023-08-05T22:49:10+0100,84,2023-08-05T22:49:10+0100,19.679718017578125,66.22467041015625,1335,25.3,50.0
2023-08-05T22:49:41+0100,85,2023-08-05T22:49:41+0100,19.67437744140625,66.2109375,1336,25.3,50.0
2023-08-05T22:50:11+0100,86,2023-08-05T22:50:11+0100,19.682388305664062,66.14532470703125,1338,25.3,50.0
2023-08-05T22:50:41+0100,87,2023-08-05T22:50:41+0100,19.669036865234375,66.15142822265625,1338,25.3,50.0
2023-08-05T22:51:12+0100,88,2023-08-05T22:51:12+0100,19.682388305664062,66.168212890625,1339,25.3,50.0
2023-08-05T22:51:32+0100,89,2023-08-05T22:51:32+0100,25.092391967773438,49.432373046875,1325,25.3,50.0
2023-08-05T22:51:40+0100,90,2023-08-05T22:51:40+0100,24.996261596679688,50.36163330078125,1330,25.3,50.0
2023-08-05T22:51:48+0100,91,2023-08-05T22:51:48+0100,24.603729248046875,51.8280029296875,1329,25.3,50.0
2023-08-05T22:51:56+0100,92,2023-08-05T22:51:56+0100,24.403457641601562,52.4993896484375,1331,25.3,50.0
2023-08-05T22:52:04+0100,93,2023-08-05T22:52:04+0100,24.01092529296875,53.83148193359375,1332,25.3,50.0
2023-08-05T22:52:12+0100,94,2023-08-05T22:52:12+0100,23.677139282226562,54.9896240234375,1335,25.3,50.0
2023-08-05T22:52:20+0100,95,2023-08-05T22:52:20+0100,23.484878540039062,55.48248291015625,1335,25.3,50.0
2023-08-05T22:52:28+0100,96,2023-08-05T22:52:28+0100,23.212509155273438,56.3873291015625,1336,25.3,50.0
2023-08-05T22:52:35+0100,97,2023-08-05T22:52:35+0100,22.98553466796875,57.14874267578125,1335,25.3,50.0
2023-08-05T22:52:43+0100,98,2023-08-05T22:52:43+0100,22.87872314453125,57.48291015625,1336,25.3,50.0
2023-08-05T22:52:51+0100,99,2023-08-05T22:52:51+0100,22.718505859375,57.99102783203125,1336,25.3,50.0
2023-08-05T22:52:59+0100,100,2023-08-05T22:52:59+0100,22.560958862304688,58.4014892578125,1335,25.3,50.0
2023-08-05T22:53:07+0100,101,2023-08-05T22:53:07+0100,22.491531372070312,58.61968994140625,1336,25.3,50.0
2023-08-05T22:53:15+0100,102,2023-08-05T22:53:15+0100,22.379379272460938,58.892822265625,1336,25.3,50.0
2023-08-05T22:53:23+0100,103,2023-08-05T22:53:23+0100,22.288589477539062,59.16748046875,1335,25.3,50.0
2023-08-05T22:53:31+0100,104,2023-08-05T22:53:31+0100,22.243194580078125,59.3017578125,1335,25.3,50.0
2023-08-05T22:53:39+0100,105,2023-08-05T22:53:39+0100,22.1630859375,59.48028564453125,1335,25.3,50.0
2023-08-05T22:53:47+0100,106,2023-08-05T22:53:47+0100,22.125701904296875,59.54132080078125,1335,25.3,50.0
2023-08-05T22:53:55+0100,107,2023-08-05T22:53:55+0100,22.074966430664062,59.674072265625,1336,25.3,50.0
2023-08-05T22:54:03+0100,108,2023-08-05T22:54:03+0100,22.02423095703125,59.7869873046875,1336,25.3,50.0
2023-08-05T22:54:11+0100,109,2023-08-05T22:54:11+0100,21.989517211914062,59.80072021484375,1336,25.3,50.0
2023-08-05T22:54:19+0100,110,2023-08-05T22:54:19+0100,21.962814331054688,59.91363525390625,1337,25.3,50.0
2023-08-05T22:54:26+0100,111,2023-08-05T22:54:26+0100,21.965484619140625,59.9761962890625,1336,25.3,50.0
2023-08-05T22:54:34+0100,112,2023-08-05T22:54:34+0100,21.93878173828125,60.0067138671875,1336,25.3,50.0
2023-08-05T22:54:42+0100,113,2023-08-05T22:54:42+0100,21.901397705078125,59.979248046875,1337,25.3,50.0
2023-08-05T22:54:50+0100,114,2023-08-05T22:54:50+0100,21.9281005859375,59.979248046875,1336,25.3,50.0
2023-08-05T22:54:58+0100,115,2023-08-05T22:54:58+0100,21.912078857421875,60.0067138671875,1336,25.3,50.0
2023-08-05T22:55:06+0100,116,2023-08-05T22:55:06+0100,21.893386840820312,59.96246337890625,1337,25.3,50.0
2023-08-05T22:55:14+0100,117,2023-08-05T22:55:14+0100,21.901397705078125,59.94873046875,1337,25.3,50.0
2023-08-05T22:55:22+0100,118,2023-08-05T22:55:22+0100,21.89605712890625,59.91363525390625,1338,25.3,50.0
2023-08-05T22:55:30+0100,119,2023-08-05T22:55:30+0100,21.914749145507812,59.82513427734375,1339,25.3,50.0
2023-08-05T22:55:38+0100,120,2023-08-05T22:55:38+0100,21.91741943359375,59.88922119140625,1339,25.3,50.0
2023-08-05T22:55:46+0100,121,2023-08-05T22:55:46+0100,21.920089721679688,59.8602294921875,1339,25.3,50.0
2023-08-05T22:55:54+0100,122,2023-08-05T22:55:54+0100,21.901397705078125,59.82513427734375,1341,25.3,50.0
2023-08-05T22:56:02+0100,123,2023-08-05T22:56:02+0100,21.9281005859375,59.82513427734375,1340,25.3,50.0
2023-08-05T22:56:10+0100,124,2023-08-05T22:56:10+0100,21.904067993164062,59.765625,1340,25.3,50.0
2023-08-05T22:56:17+0100,125,2023-08-05T22:56:17+0100,21.914749145507812,59.76409912109375,1341,25.3,50.0
2023-08-05T22:56:25+0100,126,2023-08-05T22:56:25+0100,21.904067993164062,59.69390869140625,1343,25.3,50.0
2023-08-05T22:56:33+0100,127,2023-08-05T22:56:33+0100,21.912078857421875,59.68017578125,1342,25.3,50.0
2023-08-05T22:56:41+0100,128,2023-08-05T22:56:41+0100,21.890716552734375,59.6435546875,1342,25.3,50.0
2023-08-05T22:56:49+0100,129,2023-08-05T22:56:49+0100,21.91741943359375,59.69390869140625,1343,25.3,50.0
2023-08-05T22:56:57+0100,130,2023-08-05T22:56:57+0100,21.920089721679688,59.64508056640625,1343,25.3,50.0
2023-08-05T22:57:05+0100,131,2023-08-05T22:57:05+0100,21.914749145507812,59.62066650390625,1344,25.3,50.0
2023-08-05T22:57:13+0100,132,2023-08-05T22:57:13+0100,21.912078857421875,59.55810546875,1345,25.3,50.0
2023-08-05T22:57:21+0100,133,2023-08-05T22:57:21+0100,21.920089721679688,59.55352783203125,1345,25.3,50.0
2023-08-05T22:57:29+0100,134,2023-08-05T22:57:29+0100,21.922760009765625,59.53521728515625,1345,25.3,50.0
2023-08-05T22:57:37+0100,135,2023-08-05T22:57:37+0100,21.936111450195312,59.515380859375,1347,25.3,50.0
2023-08-05T22:57:45+0100,136,2023-08-05T22:57:45+0100,21.944122314453125,59.48028564453125,1346,25.3,50.0
2023-08-05T22:57:52+0100,137,2023-08-05T22:57:52+0100,21.957473754882812,59.53216552734375,1341,25.3,50.0
2023-08-05T22:58:00+0100,138,2023-08-05T22:58:00+0100,21.973495483398438,59.7076416015625,1341,25.3,50.0
2023-08-05T22:58:08+0100,139,2023-08-05T22:58:08+0100,21.98150634765625,59.600830078125,1342,25.3,50.0
2023-08-05T22:58:16+0100,140,2023-08-05T22:58:16+0100,21.98150634765625,59.539794921875,1342,25.3,50.0
2023-08-05T22:58:24+0100,141,2023-08-05T22:58:24+0100,22.026901245117188,59.42230224609375,1342,25.3,50.0
2023-08-05T22:58:32+0100,142,2023-08-05T22:58:32+0100,22.040252685546875,59.3414306640625,1344,25.3,50.0
2023-08-05T22:58:40+0100,143,2023-08-05T22:58:40+0100,22.040252685546875,59.2803955078125,1344,25.3,50.0
2023-08-05T22:58:48+0100,144,2023-08-05T22:58:48+0100,22.08831787109375,59.2071533203125,1346,25.3,50.0
2023-08-05T22:58:56+0100,145,2023-08-05T22:58:56+0100,22.133712768554688,59.08203125,1348,25.3,50.0
2023-08-05T22:59:04+0100,146,2023-08-05T22:59:04+0100,22.136383056640625,59.0240478515625,1349,25.3,50.0
2023-08-05T22:59:12+0100,147,2023-08-05T22:59:12+0100,22.155075073242188,58.95843505859375,1349,25.3,50.0
2023-08-05T22:59:20+0100,148,2023-08-05T22:59:20+0100,22.176437377929688,58.9752197265625,1350,25.3,50.0
2023-08-05T22:59:27+0100,149,2023-08-05T22:59:27+0100,22.213821411132812,58.81500244140625,1350,25.3,50.0
2023-08-05T22:59:35+0100,150,2023-08-05T22:59:35+0100,22.251205444335938,58.76617431640625,1353,25.3,50.0
2023-08-05T22:59:43+0100,151,2023-08-05T22:59:43+0100,22.25921630859375,58.7127685546875,1353,25.3,50.0
2023-08-05T22:59:51+0100,152,2023-08-05T22:59:51+0100,22.3126220703125,58.636474609375,1355,25.3,50.0
2023-08-05T22:59:59+0100,153,2023-08-05T22:59:59+0100,22.315292358398438,58.51898193359375,1355,25.3,50.0
2023-08-05T23:00:07+0100,154,2023-08-05T23:00:07+0100,22.339324951171875,58.48846435546875,1355,25.3,50.0
2023-08-05T23:00:15+0100,155,2023-08-05T23:00:15+0100,22.360687255859375,58.45794677734375,1356,25.3,50.0
2023-08-05T23:00:23+0100,156,2023-08-05T23:00:23+0100,22.392730712890625,58.3251953125,1356,25.3,50.0
2023-08-05T23:00:31+0100,157,2023-08-05T23:00:31+0100,22.390060424804688,58.3221435546875,1357,25.3,50.0
2023-08-05T23:00:39+0100,158,2023-08-05T23:00:39+0100,22.43011474609375,58.19854736328125,1356,25.3,50.0
2023-08-05T23:00:47+0100,159,2023-08-05T23:00:47+0100,22.470169067382812,58.14361572265625,1357,25.3,50.0
2023-08-05T23:00:55+0100,160,2023-08-05T23:00:55+0100,22.486190795898438,58.13751220703125,1358,25.3,50.0
2023-08-05T23:01:03+0100,161,2023-08-05T23:01:03+0100,22.507553100585938,58.038330078125,1358,25.3,50.0
2023-08-05T23:01:11+0100,162,2023-08-05T23:01:11+0100,22.539596557617188,58.00628662109375,1358,25.3,50.0
2023-08-05T23:01:18+0100,163,2023-08-05T23:01:18+0100,22.53692626953125,57.95440673828125,1359,25.3,50.0
2023-08-05T23:01:26+0100,164,2023-08-05T23:01:26+0100,22.57965087890625,57.8948974609375,1358,25.3,50.0
2023-08-05T23:01:34+0100,165,2023-08-05T23:01:34+0100,22.57965087890625,57.83538818359375,1358,25.3,50.0
2023-08-05T23:01:42+0100,166,2023-08-05T23:01:42+0100,22.638397216796875,57.78961181640625,1358,25.3,50.0
2023-08-05T23:01:50+0100,167,2023-08-05T23:01:50+0100,22.638397216796875,57.6904296875,1359,25.3,50.0
2023-08-05T23:01:58+0100,168,2023-08-05T23:01:58+0100,22.66510009765625,57.63702392578125,1359,25.3,50.0
2023-08-05T23:02:06+0100,169,2023-08-05T23:02:06+0100,22.678451538085938,57.56072998046875,1359,25.3,50.0
2023-08-05T23:02:14+0100,170,2023-08-05T23:02:14+0100,22.681121826171875,57.4737548828125,1359,25.3,50.0
2023-08-05T23:02:22+0100,171,2023-08-05T23:02:22+0100,22.721176147460938,57.452392578125,1359,25.3,50.0
2023-08-05T23:02:30+0100,172,2023-08-05T23:02:30+0100,22.737197875976562,57.3699951171875,1359,25.3,50.0
2023-08-05T23:02:38+0100,173,2023-08-05T23:02:38+0100,22.769241333007812,57.3211669921875,1360,25.3,50.0
2023-08-05T23:02:46+0100,174,2023-08-05T23:02:46+0100,22.755889892578125,57.3089599609375,1360,25.3,50.0
2023-08-05T23:02:54+0100,175,2023-08-05T23:02:54+0100,22.79327392578125,57.18536376953125,1361,25.3,50.0
2023-08-05T23:03:02+0100,176,2023-08-05T23:03:02+0100,22.830657958984375,57.159423828125,1362,25.3,50.0
2023-08-05T23:03:09+0100,177,2023-08-05T23:03:09+0100,22.830657958984375,57.13043212890625,1362,25.3,50.0
2023-08-05T23:03:17+0100,178,2023-08-05T23:03:17+0100,22.8466796875,57.08160400390625,1362,25.3,50.0
2023-08-05T23:03:25+0100,179,2023-08-05T23:03:25+0100,22.8680419921875,57.00836181640625,1362,25.3,50.0
2023-08-05T23:03:33+0100,180,2023-08-05T23:03:33+0100,22.894744873046875,56.95648193359375,1362,25.3,50.0
2023-08-05T23:03:41+0100,181,2023-08-05T23:03:41+0100,22.908096313476562,56.8878173828125,1362,25.3,50.0
2023-08-05T23:03:49+0100,182,2023-08-05T23:03:49+0100,22.934799194335938,56.81610107421875,1362,25.3,50.0
2023-08-05T23:03:57+0100,183,2023-08-05T23:03:57+0100,22.929458618164062,56.793212890625,1362,25.3,50.0
2023-08-05T23:04:05+0100,184,2023-08-05T23:04:05+0100,22.956161499023438,56.7230224609375,1361,25.3,50.0
2023-08-05T23:04:13+0100,185,2023-08-05T23:04:13+0100,22.96417236328125,56.71844482421875,1361,25.3,50.0
2023-08-05T23:04:21+0100,186,2023-08-05T23:04:21+0100,23.012237548828125,56.64215087890625,1361,25.3,50.0
2023-08-05T23:04:29+0100,187,2023-08-05T23:04:29+0100,23.022918701171875,56.58111572265625,1360,25.3,50.0
2023-08-05T23:04:37+0100,188,2023-08-05T23:04:37+0100,23.00689697265625,56.53228759765625,1360,25.3,50.0
2023-08-05T23:04:45+0100,189,2023-08-05T23:04:45+0100,23.02825927734375,56.488037109375,1361,25.3,50.0
2023-08-05T23:04:52+0100,190,2023-08-05T23:04:52+0100,23.054962158203125,56.3690185546875,1360,25.3,50.0
2023-08-05T23:05:00+0100,191,2023-08-05T23:05:00+0100,23.044281005859375,56.3629150390625,1359,25.3,50.0
2023-08-05T23:05:08+0100,192,2023-08-05T23:05:08+0100,23.09234619140625,56.2957763671875,1359,25.3,50.0
2023-08-05T23:05:16+0100,193,2023-08-05T23:05:16+0100,23.087005615234375,56.3018798828125,1348,25.3,50.0
2023-08-05T23:05:24+0100,194,2023-08-05T23:05:24+0100,23.121719360351562,56.22711181640625,1343,25.3,50.0
2023-08-05T23:05:32+0100,195,2023-08-05T23:05:32+0100,23.127059936523438,56.231689453125,1345,25.3,50.0
2023-08-05T23:05:40+0100,196,2023-08-05T23:05:40+0100,23.105697631835938,56.1798095703125,1346,25.3,50.0
2023-08-05T23:05:48+0100,197,2023-08-05T23:05:48+0100,23.13507080078125,56.12030029296875,1350,25.3,50.0
2023-08-05T23:05:56+0100,198,2023-08-05T23:05:56+0100,23.15643310546875,56.03790283203125,1354,25.3,50.0
2023-08-05T23:06:04+0100,199,2023-08-05T23:06:04+0100,23.191146850585938,55.99212646484375,1355,25.3,50.0
2023-08-05T23:06:12+0100,200,2023-08-05T23:06:12+0100,23.19915771484375,56.01654052734375,1354,25.3,50.0
2023-08-05T23:06:20+0100,201,2023-08-05T23:06:20+0100,23.2098388671875,55.95550537109375,1355,25.3,50.0
2023-08-05T23:06:27+0100,202,2023-08-05T23:06:27+0100,23.223190307617188,55.877685546875,1356,25.3,50.0
2023-08-05T23:06:35+0100,203,2023-08-05T23:06:35+0100,23.24188232421875,55.79376220703125,1356,25.3,50.0
2023-08-05T23:06:43+0100,204,2023-08-05T23:06:43+0100,23.27392578125,55.78460693359375,1356,25.3,50.0
2023-08-05T23:06:51+0100,205,2023-08-05T23:06:51+0100,23.26324462890625,55.7586669921875,1355,25.3,50.0
2023-08-05T23:06:59+0100,206,2023-08-05T23:06:59+0100,23.265914916992188,55.74188232421875,1353,25.3,50.0
2023-08-05T23:07:07+0100,207,2023-08-05T23:07:07+0100,23.701171875,60.0860595703125,2175,25.3,50.0
2023-08-05T23:07:15+0100,208,2023-08-05T23:07:15+0100,23.912124633789062,72.55401611328125,3696,25.3,50.0
2023-08-05T23:07:23+0100,209,2023-08-05T23:07:23+0100,23.90411376953125,75.6195068359375,4861,25.3,50.0
2023-08-05T23:07:31+0100,210,2023-08-05T23:07:31+0100,23.842697143554688,73.0560302734375,4907,25.3,50.0
2023-08-05T23:07:39+0100,211,2023-08-05T23:07:39+0100,23.714523315429688,68.46923828125,4610,25.3,50.0
2023-08-05T23:07:47+0100,212,2023-08-05T23:07:47+0100,23.610382080078125,65.252685546875,4092,25.3,50.0
2023-08-05T23:07:55+0100,213,2023-08-05T23:07:55+0100,23.567657470703125,63.93585205078125,3816,25.3,50.0
2023-08-05T23:08:02+0100,214,2023-08-05T23:08:02+0100,23.458175659179688,61.8255615234375,3313,25.3,50.0
2023-08-05T23:08:10+0100,215,2023-08-05T23:08:10+0100,23.375396728515625,60.43853759765625,2875,25.3,50.0
2023-08-05T23:08:18+0100,216,2023-08-05T23:08:18+0100,23.321990966796875,59.8968505859375,2695,25.3,50.0
2023-08-05T23:08:26+0100,217,2023-08-05T23:08:26+0100,23.27392578125,59.124755859375,2398,25.3,50.0
2023-08-05T23:08:34+0100,218,2023-08-05T23:08:34+0100,23.217849731445312,58.49609375,2177,25.3,50.0
2023-08-05T23:08:42+0100,219,2023-08-05T23:08:42+0100,23.19915771484375,58.23822021484375,2082,25.3,50.0
2023-08-05T23:08:50+0100,220,2023-08-05T23:08:50+0100,23.159103393554688,57.8826904296875,1936,25.3,50.0
2023-08-05T23:08:58+0100,221,2023-08-05T23:08:58+0100,23.153762817382812,57.72552490234375,1887,25.3,50.0
2023-08-05T23:09:06+0100,222,2023-08-05T23:09:06+0100,23.127059936523438,57.48138427734375,1772,25.3,50.0
2023-08-05T23:09:14+0100,223,2023-08-05T23:09:14+0100,23.073654174804688,57.25860595703125,1687,25.3,50.0
2023-08-05T23:09:22+0100,224,2023-08-05T23:09:22+0100,23.044281005859375,57.22198486328125,1656,25.3,50.0
2023-08-05T23:09:30+0100,225,2023-08-05T23:09:30+0100,23.022918701171875,57.025146484375,1587,25.3,50.0
2023-08-05T23:09:37+0100,226,2023-08-05T23:09:37+0100,23.014907836914062,56.9732666015625,1558,25.3,50.0
2023-08-05T23:09:45+0100,227,2023-08-05T23:09:45+0100,23.001556396484375,56.9061279296875,1528,25.3,50.0
2023-08-05T23:09:53+0100,228,2023-08-05T23:09:53+0100,22.980194091796875,56.8450927734375,1490,25.3,50.0
2023-08-05T23:10:01+0100,229,2023-08-05T23:10:01+0100,22.9534912109375,56.8084716796875,1455,25.3,50.0
2023-08-05T23:10:09+0100,230,2023-08-05T23:10:09+0100,22.961502075195312,56.7657470703125,1448,25.3,50.0
2023-08-05T23:10:17+0100,231,2023-08-05T23:10:17+0100,22.92144775390625,56.78863525390625,1427,25.3,50.0
2023-08-05T23:10:25+0100,232,2023-08-05T23:10:25+0100,22.908096313476562,56.76116943359375,1414,25.3,50.0
2023-08-05T23:10:33+0100,233,2023-08-05T23:10:33+0100,22.881393432617188,56.72454833984375,1405,25.3,50.0
2023-08-05T23:10:41+0100,234,2023-08-05T23:10:41+0100,22.865371704101562,56.73370361328125,1398,25.3,50.0
2023-08-05T23:10:49+0100,235,2023-08-05T23:10:49+0100,22.841339111328125,56.72760009765625,1395,25.3,50.0
2023-08-05T23:10:57+0100,236,2023-08-05T23:10:57+0100,22.8253173828125,56.707763671875,1387,25.3,50.0
2023-08-05T23:11:05+0100,237,2023-08-05T23:11:05+0100,22.8466796875,56.72149658203125,1378,25.3,50.0
2023-08-05T23:11:13+0100,238,2023-08-05T23:11:13+0100,22.83599853515625,56.7138671875,1377,25.3,50.0
2023-08-05T23:11:21+0100,239,2023-08-05T23:11:21+0100,22.862701416015625,56.634521484375,1371,25.3,50.0
2023-08-05T23:11:28+0100,240,2023-08-05T23:11:28+0100,22.8466796875,56.63299560546875,1370,25.3,50.0
2023-08-05T23:11:36+0100,241,2023-08-05T23:11:36+0100,22.830657958984375,56.65130615234375,1367,25.3,50.0
2023-08-05T23:11:44+0100,242,2023-08-05T23:11:44+0100,22.833328247070312,56.60552978515625,1363,25.3,50.0
2023-08-05T23:11:52+0100,243,2023-08-05T23:11:52+0100,22.809295654296875,56.597900390625,1361,25.3,50.0
