created_at,entry_id,field1,field2,field3,field4,field5,field6
2023-08-12T11:11:08+0100,1,2023-08-12T11:11:08+0100,26.737289428710938,48.95782470703125,917,24.5,56.0
2023-08-12T11:11:16+0100,2,2023-08-12T11:11:16+0100,26.181869506835938,50.1739501953125,892,24.5,56.0
2023-08-12T11:11:24+0100,3,2023-08-12T11:11:24+0100,25.490264892578125,52.15606689453125,874,24.5,56.0
2023-08-12T11:11:31+0100,4,2023-08-12T11:11:31+0100,25.16448974609375,53.057861328125,890,24.5,56.0
2023-08-12T11:11:39+0100,5,2023-08-12T11:11:39+0100,24.598388671875,54.70428466796875,894,24.5,56.0
2023-08-12T11:11:44+0100,6,2023-08-12T11:11:44+0100,24.366073608398438,55.43060302734375,893,24.5,56.0
2023-08-12T11:11:50+0100,7,2023-08-12T11:11:50+0100,24.120407104492188,56.15081787109375,891,24.5,56.0
2023-08-12T11:11:55+0100,8,2023-08-12T11:11:55+0100,23.920135498046875,56.82220458984375,890,24.5,56.0
2023-08-12T11:12:00+0100,9,2023-08-12T11:12:00+0100,23.71185302734375,57.38525390625,888,24.5,56.0
2023-08-12T11:12:05+0100,10,2023-08-12T11:12:05+0100,23.5302734375,57.9742431640625,887,24.5,56.0
2023-08-12T11:12:10+0100,11,2023-08-12T11:12:10+0100,23.364715576171875,58.50677490234375,880,24.5,56.0
2023-08-12T11:12:15+0100,12,2023-08-12T11:12:15+0100,23.036270141601562,59.40093994140625,876,24.5,56.0
2023-08-12T11:12:20+0100,13,2023-08-12T11:12:20+0100,22.918777465820312,59.820556640625,874,24.5,56.0
2023-08-12T11:12:25+0100,14,2023-08-12T11:12:25+0100,22.803955078125,60.22491455078125,874,24.5,56.0
2023-08-12T11:12:31+0100,15,2023-08-12T11:12:31+0100,22.68646240234375,60.55908203125,874,24.5,56.0
2023-08-12T11:12:36+0100,16,2023-08-12T11:12:36+0100,22.609024047851562,60.8642578125,874,24.5,56.0
2023-08-12T11:12:41+0100,17,2023-08-12T11:12:41+0100,22.4835205078125,61.14654541015625,873,24.5,56.0
2023-08-12T11:12:46+0100,18,2023-08-12T11:12:46+0100,22.40875244140625,61.43035888671875,874,24.5,56.0
2023-08-12T11:12:51+0100,19,2023-08-12T11:12:51+0100,22.304611206054688,61.6668701171875,874,24.5,56.0
2023-08-12T11:12:56+0100,20,2023-08-12T11:12:56+0100,22.229843139648438,61.89727783203125,873,24.5,56.0
2023-08-12T11:13:01+0100,21,2023-08-12T11:13:01+0100,22.165756225585938,62.14599609375,872,24.5,56.0
2023-08-12T11:13:06+0100,22,2023-08-12T11:13:06+0100,22.117691040039062,62.35809326171875,871,24.5,56.0
2023-08-12T11:13:11+0100,23,2023-08-12T11:13:11+0100,22.021560668945312,62.5,871,24.5,56.0
2023-08-12T11:13:17+0100,24,2023-08-12T11:13:17+0100,21.986846923828125,62.71209716796875,869,24.5,56.0
2023-08-12T11:13:22+0100,25,2023-08-12T11:13:22+0100,21.93878173828125,62.896728515625,869,24.5,56.0
2023-08-12T11:13:27+0100,26,2023-08-12T11:13:27+0100,21.8853759765625,63.0279541015625,869,24.5,56.0
2023-08-12T11:13:32+0100,27,2023-08-12T11:13:32+0100,21.826629638671875,63.13629150390625,869,24.5,56.0
2023-08-12T11:13:37+0100,28,2023-08-12T11:13:37+0100,21.786575317382812,63.4063720703125,869,24.5,56.0
2023-08-12T11:13:42+0100,29,2023-08-12T11:13:42+0100,21.709136962890625,63.48114013671875,869,24.5,56.0
2023-08-12T11:13:47+0100,30,2023-08-12T11:13:47+0100,21.687774658203125,63.54217529296875,869,24.5,56.0
2023-08-12T11:13:52+0100,31,2023-08-12T11:13:52+0100,21.645050048828125,63.6627197265625,868,24.5,56.0
2023-08-12T11:13:58+0100,32,2023-08-12T11:13:58+0100,21.607666015625,63.74664306640625,868,24.5,56.0
2023-08-12T11:14:03+0100,33,2023-08-12T11:14:03+0100,21.591644287109375,63.84124755859375,868,24.5,56.0
2023-08-12T11:14:08+0100,34,2023-08-12T11:14:08+0100,21.548919677734375,63.90228271484375,868,24.5,56.0
2023-08-12T11:14:13+0100,35,2023-08-12T11:14:13+0100,21.540908813476562,63.9495849609375,867,24.5,56.0
2023-08-12T11:14:18+0100,36,2023-08-12T11:14:18+0100,21.503524780273438,64.04571533203125,866,24.5,56.0
2023-08-12T11:14:23+0100,37,2023-08-12T11:14:23+0100,21.495513916015625,64.0716552734375,865,24.5,56.0
2023-08-12T11:14:28+0100,38,2023-08-12T11:14:28+0100,21.484832763671875,64.16015625,866,24.5,56.0
2023-08-12T11:14:33+0100,39,2023-08-12T11:14:33+0100,21.450119018554688,64.19525146484375,866,24.5,56.0
2023-08-12T11:14:38+0100,40,2023-08-12T11:14:38+0100,21.436767578125,64.24102783203125,866,24.5,56.0
2023-08-12T11:14:44+0100,41,2023-08-12T11:14:44+0100,21.420745849609375,64.2425537109375,866,24.5,56.0
2023-08-12T11:14:49+0100,42,2023-08-12T11:14:49+0100,21.410064697265625,64.26849365234375,865,24.5,56.0
2023-08-12T11:14:54+0100,43,2023-08-12T11:14:54+0100,21.399383544921875,64.263916015625,863,24.5,56.0
2023-08-12T11:14:59+0100,44,2023-08-12T11:14:59+0100,21.38336181640625,64.30206298828125,863,24.5,56.0
2023-08-12T11:15:04+0100,45,2023-08-12T11:15:04+0100,21.367340087890625,64.34173583984375,863,24.5,56.0
2023-08-12T11:15:09+0100,46,2023-08-12T11:15:09+0100,21.367340087890625,64.3951416015625,864,24.5,56.0
2023-08-12T11:15:14+0100,47,2023-08-12T11:15:14+0100,21.375350952148438,64.44091796875,863,24.5,56.0
2023-08-12T11:15:19+0100,48,2023-08-12T11:15:19+0100,21.34063720703125,64.52789306640625,864,24.5,56.0
2023-08-12T11:15:25+0100,49,2023-08-12T11:15:25+0100,21.332626342773438,64.5355224609375,863,24.5,56.0
2023-08-12T11:15:30+0100,50,2023-08-12T11:15:30+0100,21.353988647460938,64.59808349609375,865,24.5,56.0
2023-08-12T11:15:35+0100,51,2023-08-12T11:15:35+0100,21.34063720703125,64.508056640625,866,24.5,56.0
2023-08-12T11:15:40+0100,52,2023-08-12T11:15:40+0100,21.3299560546875,64.5660400390625,865,24.5,56.0
2023-08-12T11:15:45+0100,53,2023-08-12T11:15:45+0100,21.332626342773438,64.58740234375,863,24.5,56.0
2023-08-12T11:15:50+0100,54,2023-08-12T11:15:50+0100,21.30859375,64.544677734375,864,24.5,56.0
2023-08-12T11:15:55+0100,55,2023-08-12T11:15:55+0100,21.31927490234375,64.581298828125,865,24.5,56.0
2023-08-12T11:16:00+0100,56,2023-08-12T11:16:00+0100,21.289901733398438,64.556884765625,864,24.5,56.0
2023-08-12T11:16:06+0100,57,2023-08-12T11:16:06+0100,21.305923461914062,64.58587646484375,863,24.5,56.0
2023-08-12T11:16:11+0100,58,2023-08-12T11:16:11+0100,21.295242309570312,64.61181640625,864,24.5,56.0
2023-08-12T11:16:16+0100,59,2023-08-12T11:16:16+0100,21.321945190429688,64.6240234375,864,24.5,56.0
2023-08-12T11:16:21+0100,60,2023-08-12T11:16:21+0100,21.321945190429688,64.63470458984375,861,24.5,56.0
2023-08-12T11:16:26+0100,61,2023-08-12T11:16:26+0100,21.281890869140625,64.63623046875,861,24.5,56.0
2023-08-12T11:16:31+0100,62,2023-08-12T11:16:31+0100,21.263198852539062,64.60723876953125,860,24.5,56.0
2023-08-12T11:16:36+0100,63,2023-08-12T11:16:36+0100,21.2872314453125,64.58740234375,858,24.5,56.0
2023-08-12T11:16:41+0100,64,2023-08-12T11:16:41+0100,21.29791259765625,64.61334228515625,858,24.5,56.0
2023-08-12T11:16:47+0100,65,2023-08-12T11:16:47+0100,21.271209716796875,64.6209716796875,859,24.5,56.0
2023-08-12T11:16:52+0100,66,2023-08-12T11:16:52+0100,21.284561157226562,64.61639404296875,858,24.5,56.0
2023-08-12T11:16:57+0100,67,2023-08-12T11:16:57+0100,21.271209716796875,64.63165283203125,858,24.5,56.0
2023-08-12T11:17:02+0100,68,2023-08-12T11:17:02+0100,21.27655029296875,64.6240234375,857,24.5,56.0
2023-08-12T11:17:07+0100,69,2023-08-12T11:17:07+0100,21.2872314453125,64.62860107421875,857,24.5,56.0
2023-08-12T11:17:12+0100,70,2023-08-12T11:17:12+0100,21.257858276367188,64.593505859375,858,24.5,56.0
2023-08-12T11:17:17+0100,71,2023-08-12T11:17:17+0100,21.273880004882812,64.66522216796875,857,24.5,56.0
2023-08-12T11:17:22+0100,72,2023-08-12T11:17:22+0100,21.29791259765625,64.63470458984375,857,24.5,56.0
2023-08-12T11:17:27+0100,73,2023-08-12T11:17:27+0100,21.279220581054688,64.65606689453125,858,24.5,56.0
2023-08-12T11:17:33+0100,74,2023-08-12T11:17:33+0100,21.273880004882812,64.61181640625,865,24.5,56.0
2023-08-12T11:17:38+0100,75,2023-08-12T11:17:38+0100,21.279220581054688,64.593505859375,864,24.5,56.0
2023-08-12T11:17:43+0100,76,2023-08-12T11:17:43+0100,21.279220581054688,64.6148681640625,864,24.5,56.0
2023-08-12T11:17:48+0100,77,2023-08-12T11:17:48+0100,21.271209716796875,64.58892822265625,864,24.5,56.0
2023-08-12T11:17:53+0100,78,2023-08-12T11:17:53+0100,21.279220581054688,64.5721435546875,863,24.5,56.0
2023-08-12T11:17:58+0100,79,2023-08-12T11:17:58+0100,21.29791259765625,64.61334228515625,863,24.5,56.0
2023-08-12T11:18:03+0100,80,2023-08-12T11:18:03+0100,21.271209716796875,64.56756591796875,863,24.5,56.0
2023-08-12T11:18:08+0100,81,2023-08-12T11:18:08+0100,21.2872314453125,64.5965576171875,862,24.5,56.0
2023-08-12T11:18:14+0100,82,2023-08-12T11:18:14+0100,21.27655029296875,64.53857421875,861,24.5,56.0
2023-08-12T11:18:19+0100,83,2023-08-12T11:18:19+0100,21.289901733398438,64.5355224609375,861,24.5,56.0
2023-08-12T11:18:24+0100,84,2023-08-12T11:18:24+0100,21.265869140625,64.501953125,861,24.5,56.0
2023-08-12T11:18:29+0100,85,2023-08-12T11:18:29+0100,21.2872314453125,64.53399658203125,862,24.5,56.0
2023-08-12T11:18:34+0100,86,2023-08-12T11:18:34+0100,21.27655029296875,64.4866943359375,861,24.5,56.0
2023-08-12T11:18:39+0100,87,2023-08-12T11:18:39+0100,21.249847412109375,64.483642578125,861,24.5,56.0
2023-08-12T11:18:44+0100,88,2023-08-12T11:18:44+0100,21.249847412109375,64.4622802734375,859,24.5,56.0
2023-08-12T11:18:49+0100,89,2023-08-12T11:18:49+0100,21.273880004882812,64.46380615234375,861,24.5,56.0
2023-08-12T11:18:55+0100,90,2023-08-12T11:18:55+0100,21.252517700195312,64.4744873046875,861,24.5,56.0
2023-08-12T11:19:00+0100,91,2023-08-12T11:19:00+0100,21.239166259765625,64.404296875,860,24.5,56.0
2023-08-12T11:19:05+0100,92,2023-08-12T11:19:05+0100,21.241836547851562,64.36309814453125,861,24.5,56.0
2023-08-12T11:19:10+0100,93,2023-08-12T11:19:10+0100,21.252517700195312,64.410400390625,861,24.5,56.0
2023-08-12T11:19:15+0100,94,2023-08-12T11:19:15+0100,21.249847412109375,64.483642578125,862,24.5,56.0
2023-08-12T11:19:20+0100,95,2023-08-12T11:19:20+0100,21.257858276367188,64.46685791015625,862,24.5,56.0
2023-08-12T11:19:25+0100,96,2023-08-12T11:19:25+0100,21.249847412109375,64.49432373046875,863,24.5,56.0
2023-08-12T11:19:30+0100,97,2023-08-12T11:19:30+0100,21.252517700195312,64.52789306640625,865,24.5,56.0
2023-08-12T11:19:36+0100,98,2023-08-12T11:19:36+0100,21.2872314453125,64.4805908203125,864,24.5,56.0
2023-08-12T11:19:41+0100,99,2023-08-12T11:19:41+0100,21.265869140625,64.43939208984375,828,24.5,56.0
2023-08-12T11:19:46+0100,100,2023-08-12T11:19:46+0100,21.249847412109375,64.4622802734375,828,24.5,56.0
2023-08-12T11:19:51+0100,101,2023-08-12T11:19:51+0100,21.25518798828125,64.46533203125,829,24.5,56.0
2023-08-12T11:19:56+0100,102,2023-08-12T11:19:56+0100,21.273880004882812,64.46380615234375,821,24.5,56.0
2023-08-12T11:20:01+0100,103,2023-08-12T11:20:01+0100,21.239166259765625,64.404296875,820,24.5,56.0
2023-08-12T11:20:06+0100,104,2023-08-12T11:20:06+0100,21.27655029296875,64.47601318359375,820,24.5,56.0
2023-08-12T11:20:11+0100,105,2023-08-12T11:20:11+0100,21.249847412109375,64.44091796875,821,24.5,56.0
2023-08-12T11:20:17+0100,106,2023-08-12T11:20:17+0100,21.249847412109375,64.4622802734375,821,24.5,56.0
2023-08-12T11:20:22+0100,107,2023-08-12T11:20:22+0100,21.260528564453125,64.447021484375,822,24.5,56.0
2023-08-12T11:20:27+0100,108,2023-08-12T11:20:27+0100,21.252517700195312,64.495849609375,823,24.5,56.0
2023-08-12T11:20:32+0100,109,2023-08-12T11:20:32+0100,21.27655029296875,64.508056640625,823,24.5,56.0
2023-08-12T11:20:37+0100,110,2023-08-12T11:20:37+0100,21.263198852539062,64.44854736328125,826,24.5,56.0
2023-08-12T11:20:42+0100,111,2023-08-12T11:20:42+0100,21.284561157226562,64.4683837890625,826,24.5,56.0
2023-08-12T11:20:47+0100,112,2023-08-12T11:20:47+0100,21.273880004882812,64.46380615234375,825,24.5,56.0
2023-08-12T11:20:52+0100,113,2023-08-12T11:20:52+0100,21.2872314453125,64.4287109375,824,24.5,56.0
2023-08-12T11:20:57+0100,114,2023-08-12T11:20:57+0100,21.279220581054688,64.434814453125,825,24.5,56.0
2023-08-12T11:21:03+0100,115,2023-08-12T11:21:03+0100,21.281890869140625,64.45770263671875,827,24.5,56.0
2023-08-12T11:21:08+0100,116,2023-08-12T11:21:08+0100,21.273880004882812,64.3585205078125,827,24.5,56.0
2023-08-12T11:21:13+0100,117,2023-08-12T11:21:13+0100,21.265869140625,64.37530517578125,827,24.5,56.0
2023-08-12T11:21:18+0100,118,2023-08-12T11:21:18+0100,21.27655029296875,64.3707275390625,827,24.5,56.0
2023-08-12T11:21:23+0100,119,2023-08-12T11:21:23+0100,21.27655029296875,64.33868408203125,828,24.5,56.0
2023-08-12T11:21:28+0100,120,2023-08-12T11:21:28+0100,21.265869140625,64.34326171875,828,24.5,56.0
2023-08-12T11:21:33+0100,121,2023-08-12T11:21:33+0100,21.268539428710938,64.32342529296875,830,24.5,56.0
2023-08-12T11:21:38+0100,122,2023-08-12T11:21:38+0100,21.27655029296875,64.349365234375,829,24.5,56.0
2023-08-12T11:21:44+0100,123,2023-08-12T11:21:44+0100,21.265869140625,64.35394287109375,830,24.5,56.0
2023-08-12T11:21:49+0100,124,2023-08-12T11:21:49+0100,21.249847412109375,64.324951171875,829,24.5,56.0
2023-08-12T11:21:54+0100,125,2023-08-12T11:21:54+0100,21.265869140625,64.34326171875,828,24.5,56.0
2023-08-12T11:21:59+0100,126,2023-08-12T11:21:59+0100,21.252517700195312,64.32647705078125,829,24.5,56.0
2023-08-12T11:22:04+0100,127,2023-08-12T11:22:04+0100,21.247177124023438,64.32342529296875,830,24.5,56.0
2023-08-12T11:22:09+0100,128,2023-08-12T11:22:09+0100,21.2872314453125,64.31121826171875,829,24.5,56.0
2023-08-12T11:22:14+0100,129,2023-08-12T11:22:14+0100,21.252517700195312,64.36920166015625,828,24.5,56.0
2023-08-12T11:22:19+0100,130,2023-08-12T11:22:19+0100,21.279220581054688,64.361572265625,828,24.5,56.0
2023-08-12T11:22:25+0100,131,2023-08-12T11:22:25+0100,21.252517700195312,64.3798828125,828,24.5,56.0
2023-08-12T11:22:30+0100,132,2023-08-12T11:22:30+0100,21.27655029296875,64.3707275390625,828,24.5,56.0
2023-08-12T11:22:35+0100,133,2023-08-12T11:22:35+0100,21.284561157226562,64.36309814453125,828,24.5,56.0
2023-08-12T11:22:40+0100,134,2023-08-12T11:22:40+0100,21.27655029296875,64.33868408203125,828,24.5,56.0
2023-08-12T11:22:45+0100,135,2023-08-12T11:22:45+0100,21.289901733398438,64.34478759765625,829,24.5,56.0
2023-08-12T11:22:50+0100,136,2023-08-12T11:22:50+0100,21.29791259765625,64.36004638671875,828,24.5,56.0
2023-08-12T11:22:55+0100,137,2023-08-12T11:22:55+0100,21.292572021484375,64.3463134765625,827,24.5,56.0
2023-08-12T11:23:00+0100,138,2023-08-12T11:23:00+0100,21.27655029296875,64.29595947265625,827,24.5,56.0
2023-08-12T11:23:06+0100,139,2023-08-12T11:23:06+0100,21.27655029296875,64.31732177734375,829,24.5,56.0
2023-08-12T11:23:11+0100,140,2023-08-12T11:23:11+0100,21.2872314453125,64.30206298828125,829,24.5,56.0
2023-08-12T11:23:16+0100,141,2023-08-12T11:23:16+0100,21.281890869140625,64.288330078125,827,24.5,56.0
2023-08-12T11:23:21+0100,142,2023-08-12T11:23:21+0100,21.281890869140625,64.3310546875,827,24.5,56.0
2023-08-12T11:23:26+0100,143,2023-08-12T11:23:26+0100,21.2872314453125,64.28070068359375,828,24.5,56.0
2023-08-12T11:23:31+0100,144,2023-08-12T11:23:31+0100,21.303253173828125,64.27764892578125,828,24.5,56.0
2023-08-12T11:23:36+0100,145,2023-08-12T11:23:36+0100,21.300582885742188,64.30816650390625,828,24.5,56.0
2023-08-12T11:23:41+0100,146,2023-08-12T11:23:41+0100,21.300582885742188,64.24407958984375,827,24.5,56.0
2023-08-12T11:23:47+0100,147,2023-08-12T11:23:47+0100,21.292572021484375,64.24102783203125,828,24.5,56.0
2023-08-12T11:23:52+0100,148,2023-08-12T11:23:52+0100,21.327285766601562,64.2791748046875,831,24.5,56.0
2023-08-12T11:23:57+0100,149,2023-08-12T11:23:57+0100,21.289901733398438,64.20745849609375,830,24.5,56.0
2023-08-12T11:24:02+0100,150,2023-08-12T11:24:02+0100,21.321945190429688,64.202880859375,829,24.5,56.0
2023-08-12T11:24:07+0100,151,2023-08-12T11:24:07+0100,21.313934326171875,64.2303466796875,830,24.5,56.0
2023-08-12T11:24:12+0100,152,2023-08-12T11:24:12+0100,21.295242309570312,64.23187255859375,831,24.5,56.0
2023-08-12T11:24:17+0100,153,2023-08-12T11:24:17+0100,21.313934326171875,64.21966552734375,832,24.5,56.0
2023-08-12T11:24:22+0100,154,2023-08-12T11:24:22+0100,21.305923461914062,64.24713134765625,833,24.5,56.0
2023-08-12T11:24:27+0100,155,2023-08-12T11:24:27+0100,21.30859375,64.23797607421875,832,24.5,56.0
2023-08-12T11:24:33+0100,156,2023-08-12T11:24:33+0100,21.3299560546875,64.27001953125,832,24.5,56.0
2023-08-12T11:24:38+0100,157,2023-08-12T11:24:38+0100,21.3299560546875,64.2486572265625,832,24.5,56.0
2023-08-12T11:24:43+0100,158,2023-08-12T11:24:43+0100,21.332626342773438,64.2181396484375,832,24.5,56.0
2023-08-12T11:24:48+0100,159,2023-08-12T11:24:48+0100,21.313934326171875,64.21966552734375,833,24.5,56.0
2023-08-12T11:24:53+0100,160,2023-08-12T11:24:53+0100,21.30859375,64.2059326171875,831,24.5,56.0
2023-08-12T11:24:58+0100,161,2023-08-12T11:24:58+0100,21.31927490234375,64.24407958984375,831,24.5,56.0
2023-08-12T11:25:03+0100,162,2023-08-12T11:25:03+0100,21.31927490234375,64.276123046875,831,24.5,56.0
2023-08-12T11:25:08+0100,163,2023-08-12T11:25:08+0100,21.324615478515625,64.20440673828125,831,24.5,56.0
2023-08-12T11:25:14+0100,164,2023-08-12T11:25:14+0100,21.321945190429688,64.21356201171875,831,24.5,56.0
2023-08-12T11:25:19+0100,165,2023-08-12T11:25:19+0100,21.332626342773438,64.19830322265625,831,24.5,56.0
2023-08-12T11:25:24+0100,166,2023-08-12T11:25:24+0100,21.34063720703125,64.1815185546875,831,24.5,56.0
2023-08-12T11:25:29+0100,167,2023-08-12T11:25:29+0100,21.316604614257812,64.22119140625,831,24.5,56.0
2023-08-12T11:25:34+0100,168,2023-08-12T11:25:34+0100,21.332626342773438,64.208984375,830,24.5,56.0
2023-08-12T11:25:39+0100,169,2023-08-12T11:25:39+0100,21.343307495117188,64.19219970703125,830,24.5,56.0
2023-08-12T11:25:44+0100,170,2023-08-12T11:25:44+0100,21.335296630859375,64.2303466796875,830,24.5,56.0
2023-08-12T11:25:49+0100,171,2023-08-12T11:25:49+0100,21.343307495117188,64.21356201171875,829,24.5,56.0
2023-08-12T11:25:55+0100,172,2023-08-12T11:25:55+0100,21.343307495117188,64.23492431640625,829,24.5,56.0
2023-08-12T11:26:00+0100,173,2023-08-12T11:26:00+0100,21.3299560546875,64.19677734375,829,24.5,56.0
2023-08-12T11:26:05+0100,174,2023-08-12T11:26:05+0100,21.3299560546875,64.23797607421875,829,24.5,56.0
2023-08-12T11:26:10+0100,175,2023-08-12T11:26:10+0100,21.351318359375,64.1754150390625,829,24.5,56.0
2023-08-12T11:26:15+0100,176,2023-08-12T11:26:15+0100,21.335296630859375,64.14642333984375,829,24.5,56.0
2023-08-12T11:26:20+0100,177,2023-08-12T11:26:20+0100,21.337966918945312,64.11590576171875,829,24.5,56.0
2023-08-12T11:26:25+0100,178,2023-08-12T11:26:25+0100,21.3299560546875,64.12200927734375,828,24.5,56.0
2023-08-12T11:26:30+0100,179,2023-08-12T11:26:30+0100,21.303253173828125,64.11895751953125,827,24.5,56.0
2023-08-12T11:26:36+0100,180,2023-08-12T11:26:36+0100,21.335296630859375,64.12506103515625,827,24.5,56.0
2023-08-12T11:26:41+0100,181,2023-08-12T11:26:41+0100,21.3299560546875,64.1021728515625,828,24.5,56.0
2023-08-12T11:26:46+0100,182,2023-08-12T11:26:46+0100,21.3299560546875,64.154052734375,829,24.5,56.0
2023-08-12T11:26:51+0100,183,2023-08-12T11:26:51+0100,21.353988647460938,64.15557861328125,829,24.5,56.0
2023-08-12T11:26:56+0100,184,2023-08-12T11:26:56+0100,21.343307495117188,64.129638671875,830,24.5,56.0
2023-08-12T11:27:01+0100,185,2023-08-12T11:27:01+0100,21.345977783203125,64.1937255859375,829,24.5,56.0
2023-08-12T11:27:06+0100,186,2023-08-12T11:27:06+0100,21.337966918945312,64.14794921875,828,24.5,56.0
2023-08-12T11:27:11+0100,187,2023-08-12T11:27:11+0100,21.332626342773438,64.166259765625,829,24.5,56.0
2023-08-12T11:27:16+0100,188,2023-08-12T11:27:16+0100,21.3299560546875,64.1021728515625,830,24.5,56.0
2023-08-12T11:27:22+0100,189,2023-08-12T11:27:22+0100,21.332626342773438,64.0716552734375,832,24.5,56.0
2023-08-12T11:27:27+0100,190,2023-08-12T11:27:27+0100,21.34063720703125,64.10675048828125,832,24.5,56.0
2023-08-12T11:27:32+0100,191,2023-08-12T11:27:32+0100,21.332626342773438,64.0716552734375,832,24.5,56.0
2023-08-12T11:27:37+0100,192,2023-08-12T11:27:37+0100,21.356658935546875,64.105224609375,832,24.5,56.0
2023-08-12T11:27:42+0100,193,2023-08-12T11:27:42+0100,21.367340087890625,64.0899658203125,833,24.5,56.0
2023-08-12T11:27:47+0100,194,2023-08-12T11:27:47+0100,21.3299560546875,64.09149169921875,834,24.5,56.0
2023-08-12T11:27:52+0100,195,2023-08-12T11:27:52+0100,21.34063720703125,64.0960693359375,837,24.5,56.0
2023-08-12T11:27:57+0100,196,2023-08-12T11:27:57+0100,21.348648071289062,64.1326904296875,836,24.5,56.0
2023-08-12T11:28:03+0100,197,2023-08-12T11:28:03+0100,21.351318359375,64.154052734375,837,24.5,56.0
2023-08-12T11:28:08+0100,198,2023-08-12T11:28:08+0100,21.345977783203125,64.10980224609375,837,24.5,56.0
2023-08-12T11:28:13+0100,199,2023-08-12T11:28:13+0100,21.351318359375,64.11285400390625,837,24.5,56.0
2023-08-12T11:28:18+0100,200,2023-08-12T11:28:18+0100,21.36199951171875,64.117431640625,836,24.5,56.0
2023-08-12T11:28:23+0100,201,2023-08-12T11:28:23+0100,21.38336181640625,64.1082763671875,835,24.5,56.0
2023-08-12T11:28:28+0100,202,2023-08-12T11:28:28+0100,21.380691528320312,64.044189453125,835,24.5,56.0
2023-08-12T11:28:33+0100,203,2023-08-12T11:28:33+0100,21.386032104492188,64.08843994140625,834,24.5,56.0
2023-08-12T11:28:38+0100,204,2023-08-12T11:28:38+0100,21.370010375976562,64.07012939453125,835,24.5,56.0
2023-08-12T11:28:44+0100,205,2023-08-12T11:28:44+0100,21.375350952148438,64.0625,836,24.5,56.0
2023-08-12T11:28:49+0100,206,2023-08-12T11:28:49+0100,21.375350952148438,64.093017578125,836,24.5,56.0
2023-08-12T11:28:54+0100,207,2023-08-12T11:28:54+0100,21.39404296875,64.08233642578125,837,24.5,56.0
2023-08-12T11:28:59+0100,208,2023-08-12T11:28:59+0100,21.380691528320312,64.0960693359375,837,24.5,56.0
2023-08-12T11:29:04+0100,209,2023-08-12T11:29:04+0100,21.399383544921875,64.105224609375,833,24.5,56.0
2023-08-12T11:29:09+0100,210,2023-08-12T11:29:09+0100,21.391372680664062,64.1021728515625,832,24.5,56.0
2023-08-12T11:29:14+0100,211,2023-08-12T11:29:14+0100,21.38336181640625,64.09759521484375,833,24.5,56.0
2023-08-12T11:29:19+0100,212,2023-08-12T11:29:19+0100,21.38336181640625,64.09759521484375,834,24.5,56.0
2023-08-12T11:29:24+0100,213,2023-08-12T11:29:24+0100,21.378021240234375,64.09454345703125,836,24.5,56.0
2023-08-12T11:29:30+0100,214,2023-08-12T11:29:30+0100,21.38336181640625,64.1082763671875,836,24.5,56.0
2023-08-12T11:29:35+0100,215,2023-08-12T11:29:35+0100,21.364669799804688,64.06707763671875,836,24.5,56.0
2023-08-12T11:29:40+0100,216,2023-08-12T11:29:40+0100,21.3726806640625,64.09149169921875,835,24.5,56.0
2023-08-12T11:29:45+0100,217,2023-08-12T11:29:45+0100,21.39404296875,64.10369873046875,835,24.5,56.0
2023-08-12T11:29:50+0100,218,2023-08-12T11:29:50+0100,21.399383544921875,64.105224609375,835,24.5,56.0
2023-08-12T11:29:55+0100,219,2023-08-12T11:29:55+0100,21.367340087890625,64.0472412109375,834,24.5,56.0
2023-08-12T11:30:00+0100,220,2023-08-12T11:30:00+0100,21.396713256835938,64.105224609375,830,24.5,56.0
2023-08-12T11:30:05+0100,221,2023-08-12T11:30:05+0100,21.396713256835938,64.09454345703125,829,24.5,56.0
2023-08-12T11:30:11+0100,222,2023-08-12T11:30:11+0100,21.399383544921875,64.06402587890625,831,24.5,56.0
2023-08-12T11:30:16+0100,223,2023-08-12T11:30:16+0100,21.407394409179688,64.0045166015625,830,24.5,56.0
2023-08-12T11:30:21+0100,224,2023-08-12T11:30:21+0100,21.380691528320312,63.96026611328125,830,24.5,56.0
2023-08-12T11:30:26+0100,225,2023-08-12T11:30:26+0100,21.380691528320312,63.99078369140625,830,24.5,56.0
2023-08-12T11:30:31+0100,226,2023-08-12T11:30:31+0100,21.378021240234375,63.9373779296875,830,24.5,56.0
2023-08-12T11:30:36+0100,227,2023-08-12T11:30:36+0100,21.412734985351562,63.97705078125,831,24.5,56.0
2023-08-12T11:30:41+0100,228,2023-08-12T11:30:41+0100,21.36199951171875,63.90838623046875,832,24.5,56.0
2023-08-12T11:30:46+0100,229,2023-08-12T11:30:46+0100,21.391372680664062,63.9129638671875,832,24.5,56.0
2023-08-12T11:30:52+0100,230,2023-08-12T11:30:52+0100,21.38336181640625,63.95111083984375,833,24.5,56.0
2023-08-12T11:30:57+0100,231,2023-08-12T11:30:57+0100,21.378021240234375,63.916015625,834,24.5,56.0
2023-08-12T11:31:02+0100,232,2023-08-12T11:31:02+0100,21.38336181640625,63.92974853515625,834,24.5,56.0
2023-08-12T11:31:07+0100,233,2023-08-12T11:31:07+0100,21.38336181640625,63.95111083984375,834,24.5,56.0
2023-08-12T11:31:12+0100,234,2023-08-12T11:31:12+0100,21.380691528320312,63.93890380859375,833,24.5,56.0
2023-08-12T11:31:17+0100,235,2023-08-12T11:31:17+0100,21.378021240234375,63.9373779296875,832,24.5,56.0
2023-08-12T11:31:22+0100,236,2023-08-12T11:31:22+0100,21.3726806640625,63.94500732421875,833,24.5,56.0
2023-08-12T11:31:27+0100,237,2023-08-12T11:31:27+0100,21.351318359375,63.92364501953125,833,24.5,56.0
2023-08-12T11:31:33+0100,238,2023-08-12T11:31:33+0100,21.36199951171875,63.98162841796875,833,24.5,56.0
2023-08-12T11:31:38+0100,239,2023-08-12T11:31:38+0100,21.348648071289062,63.9434814453125,832,24.5,56.0
2023-08-12T11:31:43+0100,240,2023-08-12T11:31:43+0100,21.353988647460938,63.9556884765625,832,24.5,56.0
2023-08-12T11:31:48+0100,241,2023-08-12T11:31:48+0100,21.367340087890625,63.9739990234375,833,24.5,56.0
2023-08-12T11:31:53+0100,242,2023-08-12T11:31:53+0100,21.353988647460938,63.9556884765625,834,24.5,56.0
2023-08-12T11:31:58+0100,243,2023-08-12T11:31:58+0100,21.353988647460938,63.96636962890625,834,24.5,56.0
2023-08-12T11:32:03+0100,244,2023-08-12T11:32:03+0100,21.353988647460938,63.96636962890625,833,24.5,56.0
2023-08-12T11:32:08+0100,245,2023-08-12T11:32:08+0100,21.3726806640625,63.9556884765625,828,24.5,56.0
2023-08-12T11:32:14+0100,246,2023-08-12T11:32:14+0100,21.348648071289062,63.95263671875,828,24.5,56.0
2023-08-12T11:32:19+0100,247,2023-08-12T11:32:19+0100,21.351318359375,63.92364501953125,829,24.5,56.0
2023-08-12T11:32:24+0100,248,2023-08-12T11:32:24+0100,21.343307495117188,63.897705078125,828,24.5,56.0
2023-08-12T11:32:29+0100,249,2023-08-12T11:32:29+0100,21.351318359375,63.9434814453125,828,24.5,56.0
2023-08-12T11:32:34+0100,250,2023-08-12T11:32:34+0100,21.3299560546875,63.97552490234375,829,24.5,56.0
2023-08-12T11:32:39+0100,251,2023-08-12T11:32:39+0100,21.356658935546875,63.9678955078125,829,24.5,56.0
2023-08-12T11:32:44+0100,252,2023-08-12T11:32:44+0100,21.353988647460938,63.9984130859375,830,24.5,56.0
2023-08-12T11:32:49+0100,253,2023-08-12T11:32:49+0100,21.351318359375,64.04876708984375,829,24.5,56.0
2023-08-12T11:32:55+0100,254,2023-08-12T11:32:55+0100,21.351318359375,64.04876708984375,830,24.5,56.0
2023-08-12T11:33:00+0100,255,2023-08-12T11:33:00+0100,21.34063720703125,64.00146484375,831,24.5,56.0
2023-08-12T11:33:05+0100,256,2023-08-12T11:33:05+0100,21.351318359375,64.0289306640625,831,24.5,56.0
2023-08-12T11:33:10+0100,257,2023-08-12T11:33:10+0100,21.351318359375,64.01824951171875,831,24.5,56.0
2023-08-12T11:33:15+0100,258,2023-08-12T11:33:15+0100,21.370010375976562,64.00604248046875,831,24.5,56.0
2023-08-12T11:33:20+0100,259,2023-08-12T11:33:20+0100,21.348648071289062,64.0167236328125,832,24.5,56.0
2023-08-12T11:33:25+0100,260,2023-08-12T11:33:25+0100,21.351318359375,64.0289306640625,838,24.5,56.0
2023-08-12T11:33:30+0100,261,2023-08-12T11:33:30+0100,21.359329223632812,64.031982421875,838,24.5,56.0
2023-08-12T11:33:36+0100,262,2023-08-12T11:33:36+0100,21.370010375976562,64.07012939453125,840,24.5,56.0
2023-08-12T11:33:41+0100,263,2023-08-12T11:33:41+0100,21.370010375976562,64.0380859375,838,24.5,56.0
2023-08-12T11:33:46+0100,264,2023-08-12T11:33:46+0100,21.3726806640625,64.007568359375,838,24.5,56.0
2023-08-12T11:33:51+0100,265,2023-08-12T11:33:51+0100,21.375350952148438,63.9678955078125,839,24.5,56.0
2023-08-12T11:33:56+0100,266,2023-08-12T11:33:56+0100,21.39404296875,64.019775390625,839,24.5,56.0
2023-08-12T11:34:01+0100,267,2023-08-12T11:34:01+0100,21.380691528320312,63.96942138671875,841,24.5,56.0
2023-08-12T11:34:06+0100,268,2023-08-12T11:34:06+0100,21.367340087890625,63.96331787109375,841,24.5,56.0
2023-08-12T11:34:11+0100,269,2023-08-12T11:34:11+0100,21.378021240234375,63.96942138671875,841,24.5,56.0
2023-08-12T11:34:17+0100,270,2023-08-12T11:34:17+0100,21.351318359375,63.9434814453125,842,24.5,56.0
2023-08-12T11:34:22+0100,271,2023-08-12T11:34:22+0100,21.380691528320312,63.9801025390625,843,24.5,56.0
2023-08-12T11:34:27+0100,272,2023-08-12T11:34:27+0100,21.38336181640625,63.95111083984375,843,24.5,56.0
2023-08-12T11:34:32+0100,273,2023-08-12T11:34:32+0100,21.36199951171875,63.970947265625,844,24.5,56.0
2023-08-12T11:34:37+0100,274,2023-08-12T11:34:37+0100,21.388702392578125,63.93280029296875,844,24.5,56.0
2023-08-12T11:34:42+0100,275,2023-08-12T11:34:42+0100,21.399383544921875,63.89617919921875,844,24.5,56.0
2023-08-12T11:34:47+0100,276,2023-08-12T11:34:47+0100,21.378021240234375,63.88397216796875,844,24.5,56.0
2023-08-12T11:34:52+0100,277,2023-08-12T11:34:52+0100,21.375350952148438,63.91448974609375,845,24.5,56.0
2023-08-12T11:34:58+0100,278,2023-08-12T11:34:58+0100,21.380691528320312,63.89617919921875,845,24.5,56.0
2023-08-12T11:35:03+0100,279,2023-08-12T11:35:03+0100,21.351318359375,63.9129638671875,846,24.5,56.0
2023-08-12T11:35:08+0100,280,2023-08-12T11:35:08+0100,21.348648071289062,63.922119140625,847,24.5,56.0
2023-08-12T11:35:13+0100,281,2023-08-12T11:35:13+0100,21.370010375976562,63.95416259765625,847,24.5,56.0
2023-08-12T11:35:18+0100,282,2023-08-12T11:35:18+0100,21.364669799804688,63.9617919921875,846,24.5,56.0
2023-08-12T11:35:23+0100,283,2023-08-12T11:35:23+0100,21.367340087890625,63.96331787109375,846,24.5,56.0
2023-08-12T11:35:28+0100,284,2023-08-12T11:35:28+0100,21.36199951171875,63.90838623046875,848,24.5,56.0
2023-08-12T11:35:33+0100,285,2023-08-12T11:35:33+0100,21.348648071289062,63.93280029296875,848,24.5,56.0
2023-08-12T11:35:38+0100,286,2023-08-12T11:35:38+0100,21.351318359375,63.90228271484375,853,24.5,56.0
2023-08-12T11:35:44+0100,287,2023-08-12T11:35:44+0100,21.351318359375,63.90228271484375,852,24.5,56.0
2023-08-12T11:35:49+0100,288,2023-08-12T11:35:49+0100,21.34063720703125,63.91754150390625,852,24.5,56.0
2023-08-12T11:35:54+0100,289,2023-08-12T11:35:54+0100,21.3299560546875,63.93280029296875,852,24.5,56.0
2023-08-12T11:35:59+0100,290,2023-08-12T11:35:59+0100,21.343307495117188,63.96026611328125,853,24.5,56.0
2023-08-12T11:36:04+0100,291,2023-08-12T11:36:04+0100,21.3299560546875,63.96484375,854,24.5,56.0
2023-08-12T11:36:09+0100,292,2023-08-12T11:36:09+0100,21.34063720703125,63.96942138671875,854,24.5,56.0
2023-08-12T11:36:14+0100,293,2023-08-12T11:36:14+0100,21.34063720703125,63.93890380859375,853,24.5,56.0
2023-08-12T11:36:19+0100,294,2023-08-12T11:36:19+0100,21.351318359375,63.97552490234375,852,24.5,56.0
2023-08-12T11:36:25+0100,295,2023-08-12T11:36:25+0100,21.367340087890625,63.9739990234375,853,24.5,56.0
2023-08-12T11:36:30+0100,296,2023-08-12T11:36:30+0100,21.364669799804688,63.97247314453125,853,24.5,56.0
2023-08-12T11:36:35+0100,297,2023-08-12T11:36:35+0100,21.364669799804688,63.97247314453125,851,24.5,56.0
2023-08-12T11:36:40+0100,298,2023-08-12T11:36:40+0100,21.34063720703125,63.92822265625,851,24.5,56.0
2023-08-12T11:36:45+0100,299,2023-08-12T11:36:45+0100,21.386032104492188,63.95263671875,852,24.5,56.0
2023-08-12T11:36:50+0100,300,2023-08-12T11:36:50+0100,21.386032104492188,63.909912109375,853,24.5,56.0
2023-08-12T11:36:55+0100,301,2023-08-12T11:36:55+0100,21.3726806640625,63.8397216796875,853,24.5,56.0
2023-08-12T11:37:00+0100,302,2023-08-12T11:37:00+0100,21.279220581054688,63.5467529296875,851,24.5,56.0
2023-08-12T11:37:06+0100,303,2023-08-12T11:37:06+0100,21.121673583984375,63.19427490234375,847,24.5,56.0
2023-08-12T11:37:11+0100,304,2023-08-12T11:37:11+0100,20.980148315429688,62.86773681640625,752,24.5,56.0
2023-08-12T11:37:16+0100,305,2023-08-12T11:37:16+0100,20.811920166015625,62.66021728515625,747,24.5,56.0
2023-08-12T11:37:21+0100,306,2023-08-12T11:37:21+0100,20.694427490234375,62.469482421875,733,24.5,56.0
2023-08-12T11:37:26+0100,307,2023-08-12T11:37:26+0100,20.555572509765625,62.38555908203125,728,24.5,56.0
2023-08-12T11:37:31+0100,308,2023-08-12T11:37:31+0100,20.448760986328125,62.396240234375,710,24.5,56.0
2023-08-12T11:37:36+0100,309,2023-08-12T11:37:36+0100,20.349960327148438,62.37945556640625,689,24.5,56.0
2023-08-12T11:37:41+0100,310,2023-08-12T11:37:41+0100,20.240478515625,62.30926513671875,654,24.5,56.0
2023-08-12T11:37:47+0100,311,2023-08-12T11:37:47+0100,20.181732177734375,62.36114501953125,590,24.5,56.0
2023-08-12T11:37:52+0100,312,2023-08-12T11:37:52+0100,20.10162353515625,62.3779296875,585,24.5,56.0
2023-08-12T11:37:57+0100,313,2023-08-12T11:37:57+0100,20.053558349609375,62.50457763671875,570,24.5,56.0
2023-08-12T11:38:02+0100,314,2023-08-12T11:38:02+0100,20.0054931640625,62.48626708984375,561,24.5,56.0
2023-08-12T11:38:07+0100,315,2023-08-12T11:38:07+0100,19.912033081054688,62.56256103515625,521,24.5,56.0
2023-08-12T11:38:12+0100,316,2023-08-12T11:38:12+0100,19.8345947265625,62.6953125,509,24.5,56.0
2023-08-12T11:38:17+0100,317,2023-08-12T11:38:17+0100,19.821243286132812,62.80059814453125,486,24.5,56.0
2023-08-12T11:38:22+0100,318,2023-08-12T11:38:22+0100,19.783859252929688,62.9150390625,488,24.5,56.0
2023-08-12T11:38:28+0100,319,2023-08-12T11:38:28+0100,19.741134643554688,62.945556640625,486,24.5,56.0
2023-08-12T11:38:33+0100,320,2023-08-12T11:38:33+0100,19.7064208984375,63.0035400390625,477,24.5,56.0
2023-08-12T11:38:38+0100,321,2023-08-12T11:38:38+0100,19.650344848632812,63.1072998046875,477,24.5,56.0
2023-08-12T11:38:43+0100,322,2023-08-12T11:38:43+0100,19.65301513671875,63.21258544921875,470,24.5,56.0
2023-08-12T11:38:48+0100,323,2023-08-12T11:38:48+0100,19.591598510742188,63.18511962890625,467,24.5,56.0
2023-08-12T11:38:53+0100,324,2023-08-12T11:38:53+0100,19.583587646484375,63.14544677734375,463,24.5,56.0
2023-08-12T11:38:58+0100,325,2023-08-12T11:38:58+0100,19.556884765625,63.15155029296875,457,24.5,56.0
2023-08-12T11:39:03+0100,326,2023-08-12T11:39:03+0100,19.4927978515625,63.238525390625,458,24.5,56.0
2023-08-12T11:39:09+0100,327,2023-08-12T11:39:09+0100,19.43939208984375,63.37890625,458,24.5,56.0
2023-08-12T11:39:14+0100,328,2023-08-12T11:39:14+0100,19.367294311523438,63.4857177734375,455,24.5,56.0
2023-08-12T11:39:19+0100,329,2023-08-12T11:39:19+0100,19.300537109375,63.65509033203125,455,24.5,56.0
2023-08-12T11:39:24+0100,330,2023-08-12T11:39:24+0100,19.24713134765625,63.751220703125,455,24.5,56.0
2023-08-12T11:39:29+0100,331,2023-08-12T11:39:29+0100,19.113616943359375,64.0228271484375,452,24.5,56.0
2023-08-12T11:39:34+0100,332,2023-08-12T11:39:34+0100,19.01214599609375,64.22119140625,451,24.5,56.0
2023-08-12T11:39:39+0100,333,2023-08-12T11:39:39+0100,18.940048217773438,64.40277099609375,450,24.5,56.0
2023-08-12T11:39:44+0100,334,2023-08-12T11:39:44+0100,18.913345336914062,64.53094482421875,450,24.5,56.0
2023-08-12T11:39:50+0100,335,2023-08-12T11:39:50+0100,18.899993896484375,64.60723876953125,449,24.5,56.0
2023-08-12T11:39:55+0100,336,2023-08-12T11:39:55+0100,18.854598999023438,64.72320556640625,445,24.5,56.0
2023-08-12T11:40:00+0100,337,2023-08-12T11:40:00+0100,18.854598999023438,64.82086181640625,439,24.5,56.0
2023-08-12T11:40:05+0100,338,2023-08-12T11:40:05+0100,18.822555541992188,64.92156982421875,421,24.5,56.0
2023-08-12T11:40:10+0100,339,2023-08-12T11:40:10+0100,18.729095458984375,65.032958984375,422,24.5,56.0
2023-08-12T11:40:15+0100,340,2023-08-12T11:40:15+0100,18.699722290039062,65.12451171875,420,24.5,56.0
2023-08-12T11:40:20+0100,341,2023-08-12T11:40:20+0100,18.686370849609375,65.22674560546875,421,24.5,56.0
2023-08-12T11:40:25+0100,342,2023-08-12T11:40:25+0100,18.667678833007812,65.21453857421875,417,24.5,56.0
2023-08-12T11:40:31+0100,343,2023-08-12T11:40:31+0100,18.643646240234375,65.2618408203125,416,24.5,56.0
2023-08-12T11:40:36+0100,344,2023-08-12T11:40:36+0100,18.60626220703125,65.2862548828125,416,24.5,56.0
2023-08-12T11:40:41+0100,345,2023-08-12T11:40:41+0100,18.568878173828125,65.423583984375,416,24.5,56.0
2023-08-12T11:40:46+0100,346,2023-08-12T11:40:46+0100,18.526153564453125,65.53192138671875,416,24.5,56.0
2023-08-12T11:40:51+0100,347,2023-08-12T11:40:51+0100,18.419342041015625,65.7989501953125,407,24.5,56.0
2023-08-12T11:40:56+0100,348,2023-08-12T11:40:56+0100,18.4033203125,65.93780517578125,406,24.5,56.0
2023-08-12T11:41:01+0100,349,2023-08-12T11:41:01+0100,18.323211669921875,66.0125732421875,406,24.5,56.0
2023-08-12T11:41:06+0100,350,2023-08-12T11:41:06+0100,18.291168212890625,66.13006591796875,406,24.5,56.0
2023-08-12T11:41:12+0100,351,2023-08-12T11:41:12+0100,18.232421875,66.204833984375,402,24.5,56.0
2023-08-12T11:41:17+0100,352,2023-08-12T11:41:17+0100,18.203048706054688,66.3238525390625,403,24.5,56.0
2023-08-12T11:41:22+0100,353,2023-08-12T11:41:22+0100,18.128280639648438,66.49169921875,403,24.5,56.0
2023-08-12T11:41:27+0100,354,2023-08-12T11:41:27+0100,18.0615234375,66.650390625,404,24.5,56.0
2023-08-12T11:41:32+0100,355,2023-08-12T11:41:32+0100,18.058853149414062,66.76483154296875,402,24.5,56.0
2023-08-12T11:41:37+0100,356,2023-08-12T11:41:37+0100,17.994766235351562,66.9525146484375,401,24.5,56.0
2023-08-12T11:41:42+0100,357,2023-08-12T11:41:42+0100,17.941360473632812,67.059326171875,393,24.5,56.0
2023-08-12T11:41:47+0100,358,2023-08-12T11:41:47+0100,17.9119873046875,67.193603515625,393,24.5,56.0
2023-08-12T11:41:53+0100,359,2023-08-12T11:41:53+0100,17.909317016601562,67.205810546875,392,24.5,56.0
2023-08-12T11:41:58+0100,360,2023-08-12T11:41:58+0100,17.9119873046875,67.20733642578125,394,24.5,56.0
2023-08-12T11:42:03+0100,361,2023-08-12T11:42:03+0100,17.839889526367188,67.25006103515625,393,24.5,56.0
2023-08-12T11:42:08+0100,362,2023-08-12T11:42:08+0100,17.874603271484375,67.388916015625,393,24.5,56.0
2023-08-12T11:42:13+0100,363,2023-08-12T11:42:13+0100,17.9547119140625,67.61932373046875,393,24.5,56.0
2023-08-12T11:42:18+0100,364,2023-08-12T11:42:18+0100,17.96539306640625,67.86956787109375,397,24.5,56.0
2023-08-12T11:42:23+0100,365,2023-08-12T11:42:23+0100,17.962722778320312,68.060302734375,404,24.5,56.0
2023-08-12T11:42:28+0100,366,2023-08-12T11:42:28+0100,18.002777099609375,68.084716796875,403,24.5,56.0
2023-08-12T11:42:34+0100,367,2023-08-12T11:42:34+0100,18.013458251953125,68.0908203125,404,24.5,56.0
2023-08-12T11:42:39+0100,368,2023-08-12T11:42:39+0100,17.992095947265625,68.05267333984375,403,24.5,56.0
2023-08-12T11:42:44+0100,369,2023-08-12T11:42:44+0100,17.96539306640625,68.0999755859375,403,24.5,56.0
2023-08-12T11:42:49+0100,370,2023-08-12T11:42:49+0100,17.970733642578125,68.16864013671875,404,24.5,56.0
2023-08-12T11:42:54+0100,371,2023-08-12T11:42:54+0100,17.952041625976562,68.182373046875,404,24.5,56.0
2023-08-12T11:42:59+0100,372,2023-08-12T11:42:59+0100,17.978744506835938,68.26171875,406,24.5,56.0
2023-08-12T11:43:04+0100,373,2023-08-12T11:43:04+0100,17.970733642578125,68.25714111328125,408,24.5,56.0
2023-08-12T11:43:09+0100,374,2023-08-12T11:43:09+0100,17.941360473632812,68.292236328125,408,24.5,56.0
2023-08-12T11:43:15+0100,375,2023-08-12T11:43:15+0100,17.962722778320312,68.33038330078125,407,24.5,56.0
2023-08-12T11:43:20+0100,376,2023-08-12T11:43:20+0100,17.936019897460938,68.365478515625,409,24.5,56.0
2023-08-12T11:43:25+0100,377,2023-08-12T11:43:25+0100,17.933349609375,68.41583251953125,412,24.5,56.0
2023-08-12T11:43:30+0100,378,2023-08-12T11:43:30+0100,17.96539306640625,68.408203125,413,24.5,56.0
2023-08-12T11:43:35+0100,379,2023-08-12T11:43:35+0100,18.000106811523438,68.41583251953125,413,24.5,56.0
2023-08-12T11:43:40+0100,380,2023-08-12T11:43:40+0100,17.933349609375,68.46771240234375,409,24.5,56.0
2023-08-12T11:43:45+0100,381,2023-08-12T11:43:45+0100,17.90130615234375,68.61724853515625,411,24.5,56.0
2023-08-12T11:43:50+0100,382,2023-08-12T11:43:50+0100,17.863922119140625,68.76220703125,410,24.5,56.0
2023-08-12T11:43:56+0100,383,2023-08-12T11:43:56+0100,17.83721923828125,68.86444091796875,413,24.5,56.0
2023-08-12T11:44:01+0100,384,2023-08-12T11:44:01+0100,17.834548950195312,68.9666748046875,412,24.5,56.0
2023-08-12T11:44:06+0100,385,2023-08-12T11:44:06+0100,17.778472900390625,69.05059814453125,411,24.5,56.0
2023-08-12T11:44:11+0100,386,2023-08-12T11:44:11+0100,17.7838134765625,69.0673828125,413,24.5,56.0
2023-08-12T11:44:16+0100,387,2023-08-12T11:44:16+0100,17.80517578125,69.0399169921875,413,24.5,56.0
2023-08-12T11:44:21+0100,388,2023-08-12T11:44:21+0100,17.767791748046875,69.07196044921875,414,24.5,56.0
2023-08-12T11:44:26+0100,389,2023-08-12T11:44:26+0100,17.810516357421875,69.146728515625,413,24.5,56.0
2023-08-12T11:44:31+0100,390,2023-08-12T11:44:31+0100,17.802505493164062,69.0643310546875,417,24.5,56.0
2023-08-12T11:44:37+0100,391,2023-08-12T11:44:37+0100,17.813186645507812,69.110107421875,418,24.5,56.0
2023-08-12T11:44:42+0100,392,2023-08-12T11:44:42+0100,17.767791748046875,69.13604736328125,419,24.5,56.0
2023-08-12T11:44:47+0100,393,2023-08-12T11:44:47+0100,17.802505493164062,69.207763671875,419,24.5,56.0
2023-08-12T11:44:52+0100,394,2023-08-12T11:44:52+0100,17.775802612304688,69.232177734375,420,24.5,56.0
2023-08-12T11:44:57+0100,395,2023-08-12T11:44:57+0100,17.7838134765625,69.30084228515625,415,24.5,56.0
2023-08-12T11:45:02+0100,396,2023-08-12T11:45:02+0100,17.786483764648438,69.28863525390625,414,24.5,56.0
2023-08-12T11:45:07+0100,397,2023-08-12T11:45:07+0100,17.810516357421875,69.38018798828125,414,24.5,56.0
2023-08-12T11:45:12+0100,398,2023-08-12T11:45:12+0100,17.839889526367188,69.3572998046875,415,24.5,56.0
2023-08-12T11:45:18+0100,399,2023-08-12T11:45:18+0100,17.83721923828125,69.40765380859375,414,24.5,56.0
2023-08-12T11:45:23+0100,400,2023-08-12T11:45:23+0100,17.853240966796875,69.48089599609375,412,24.5,56.0
2023-08-12T11:45:28+0100,401,2023-08-12T11:45:28+0100,17.853240966796875,69.51904296875,410,24.5,56.0
2023-08-12T11:45:33+0100,402,2023-08-12T11:45:33+0100,17.863922119140625,69.43359375,410,24.5,56.0
2023-08-12T11:45:38+0100,403,2023-08-12T11:45:38+0100,17.839889526367188,69.49920654296875,410,24.5,56.0
2023-08-12T11:45:43+0100,404,2023-08-12T11:45:43+0100,17.847900390625,69.58160400390625,411,24.5,56.0
2023-08-12T11:45:48+0100,405,2023-08-12T11:45:48+0100,17.83721923828125,69.7052001953125,410,24.5,56.0
2023-08-12T11:45:53+0100,406,2023-08-12T11:45:53+0100,17.81585693359375,69.81048583984375,410,24.5,56.0
2023-08-12T11:45:59+0100,407,2023-08-12T11:45:59+0100,17.746429443359375,69.9310302734375,409,24.5,56.0
2023-08-12T11:46:04+0100,408,2023-08-12T11:46:04+0100,17.671661376953125,70.1263427734375,407,24.5,56.0
2023-08-12T11:46:09+0100,409,2023-08-12T11:46:09+0100,17.642288208007812,70.30792236328125,407,24.5,56.0
2023-08-12T11:46:14+0100,410,2023-08-12T11:46:14+0100,17.682342529296875,70.34149169921875,407,24.5,56.0
2023-08-12T11:46:19+0100,411,2023-08-12T11:46:19+0100,17.802505493164062,70.38726806640625,414,24.5,56.0
2023-08-12T11:46:24+0100,412,2023-08-12T11:46:24+0100,17.898635864257812,70.4833984375,439,24.5,56.0
2023-08-12T11:46:29+0100,413,2023-08-12T11:46:29+0100,18.016128540039062,70.49560546875,453,24.5,56.0
2023-08-12T11:46:34+0100,414,2023-08-12T11:46:34+0100,18.1256103515625,70.4010009765625,463,24.5,56.0
2023-08-12T11:46:40+0100,415,2023-08-12T11:46:40+0100,18.213729858398438,70.2606201171875,474,24.5,56.0
2023-08-12T11:46:45+0100,416,2023-08-12T11:46:45+0100,18.291168212890625,70.0775146484375,485,24.5,56.0
2023-08-12T11:46:50+0100,417,2023-08-12T11:46:50+0100,18.373947143554688,69.96002197265625,493,24.5,56.0
2023-08-12T11:46:55+0100,418,2023-08-12T11:46:55+0100,18.462066650390625,69.79522705078125,504,24.5,56.0
2023-08-12T11:47:00+0100,419,2023-08-12T11:47:00+0100,18.5528564453125,69.6319580078125,519,24.5,56.0
2023-08-12T11:47:05+0100,420,2023-08-12T11:47:05+0100,18.60626220703125,69.4671630859375,525,24.5,56.0
2023-08-12T11:47:10+0100,421,2023-08-12T11:47:10+0100,18.686370849609375,69.34967041015625,538,24.5,56.0
2023-08-12T11:47:15+0100,422,2023-08-12T11:47:15+0100,18.758468627929688,69.23065185546875,542,24.5,56.0
2023-08-12T11:47:21+0100,423,2023-08-12T11:47:21+0100,18.835906982421875,69.15130615234375,545,24.5,56.0
2023-08-12T11:47:26+0100,424,2023-08-12T11:47:26+0100,18.8946533203125,69.06280517578125,553,24.5,56.0
2023-08-12T11:47:31+0100,425,2023-08-12T11:47:31+0100,18.92669677734375,68.79730224609375,555,24.5,56.0
2023-08-12T11:47:36+0100,426,2023-08-12T11:47:36+0100,19.01214599609375,68.73321533203125,556,24.5,56.0
2023-08-12T11:47:41+0100,427,2023-08-12T11:47:41+0100,19.052200317382812,68.5791015625,559,24.5,56.0
2023-08-12T11:47:46+0100,428,2023-08-12T11:47:46+0100,19.116287231445312,68.41278076171875,559,24.5,56.0
2023-08-12T11:47:51+0100,429,2023-08-12T11:47:51+0100,19.145660400390625,68.23272705078125,560,24.5,56.0
2023-08-12T11:47:56+0100,430,2023-08-12T11:47:56+0100,19.185714721679688,68.17626953125,560,24.5,56.0
2023-08-12T11:48:02+0100,431,2023-08-12T11:48:02+0100,19.239120483398438,68.04351806640625,563,24.5,56.0
2023-08-12T11:48:07+0100,432,2023-08-12T11:48:07+0100,19.260482788085938,67.96875,567,24.5,56.0
2023-08-12T11:48:12+0100,433,2023-08-12T11:48:12+0100,19.316558837890625,67.83599853515625,567,24.5,56.0
2023-08-12T11:48:17+0100,434,2023-08-12T11:48:17+0100,19.356613159179688,67.72308349609375,567,24.5,56.0
2023-08-12T11:48:22+0100,435,2023-08-12T11:48:22+0100,19.359283447265625,67.6177978515625,569,24.5,56.0
2023-08-12T11:48:27+0100,436,2023-08-12T11:48:27+0100,19.415359497070312,67.510986328125,571,24.5,56.0
2023-08-12T11:48:32+0100,437,2023-08-12T11:48:32+0100,19.4500732421875,67.37213134765625,574,24.5,56.0
2023-08-12T11:48:37+0100,438,2023-08-12T11:48:37+0100,19.48211669921875,67.303466796875,575,24.5,56.0
2023-08-12T11:48:43+0100,439,2023-08-12T11:48:43+0100,19.50347900390625,67.18292236328125,576,24.5,56.0
2023-08-12T11:48:48+0100,440,2023-08-12T11:48:48+0100,19.5355224609375,67.1142578125,576,24.5,56.0
2023-08-12T11:48:53+0100,441,2023-08-12T11:48:53+0100,19.583587646484375,66.9830322265625,576,24.5,56.0
2023-08-12T11:48:58+0100,442,2023-08-12T11:48:58+0100,19.615631103515625,66.95098876953125,576,24.5,56.0
2023-08-12T11:49:03+0100,443,2023-08-12T11:49:03+0100,19.65301513671875,66.8853759765625,577,24.5,56.0
2023-08-12T11:49:08+0100,444,2023-08-12T11:49:08+0100,19.669036865234375,66.7877197265625,575,24.5,56.0
2023-08-12T11:49:13+0100,445,2023-08-12T11:49:13+0100,19.727783203125,66.766357421875,575,24.5,56.0
2023-08-12T11:49:18+0100,446,2023-08-12T11:49:18+0100,19.741134643554688,66.7022705078125,574,24.5,56.0
2023-08-12T11:49:24+0100,447,2023-08-12T11:49:24+0100,19.719772338867188,66.65802001953125,574,24.5,56.0
2023-08-12T11:49:29+0100,448,2023-08-12T11:49:29+0100,19.75982666015625,66.60614013671875,575,24.5,56.0
2023-08-12T11:49:34+0100,449,2023-08-12T11:49:34+0100,19.789199829101562,66.52679443359375,574,24.5,56.0
2023-08-12T11:49:39+0100,450,2023-08-12T11:49:39+0100,19.794540405273438,66.448974609375,574,24.5,56.0
2023-08-12T11:49:44+0100,451,2023-08-12T11:49:44+0100,19.831924438476562,66.40777587890625,575,24.5,56.0
2023-08-12T11:49:49+0100,452,2023-08-12T11:49:49+0100,19.829254150390625,66.3604736328125,575,24.5,56.0
2023-08-12T11:49:54+0100,453,2023-08-12T11:49:54+0100,19.874649047851562,66.2994384765625,575,24.5,56.0
2023-08-12T11:49:59+0100,454,2023-08-12T11:49:59+0100,19.871978759765625,66.2078857421875,576,24.5,56.0
2023-08-12T11:50:05+0100,455,2023-08-12T11:50:05+0100,19.901351928710938,66.19720458984375,579,24.5,56.0
2023-08-12T11:50:10+0100,456,2023-08-12T11:50:10+0100,19.90936279296875,66.131591796875,581,24.5,56.0
2023-08-12T11:50:15+0100,457,2023-08-12T11:50:15+0100,19.9627685546875,66.00799560546875,584,24.5,56.0
2023-08-12T11:50:20+0100,458,2023-08-12T11:50:20+0100,19.989471435546875,66.02020263671875,585,24.5,56.0
2023-08-12T11:50:25+0100,459,2023-08-12T11:50:25+0100,20.008163452148438,65.9149169921875,587,24.5,56.0
2023-08-12T11:50:30+0100,460,2023-08-12T11:50:30+0100,20.0482177734375,65.887451171875,587,24.5,56.0
2023-08-12T11:50:35+0100,461,2023-08-12T11:50:35+0100,20.03753662109375,65.87066650390625,589,24.5,56.0
2023-08-12T11:50:40+0100,462,2023-08-12T11:50:40+0100,20.053558349609375,65.82183837890625,591,24.5,56.0
2023-08-12T11:50:46+0100,463,2023-08-12T11:50:46+0100,20.069580078125,65.771484375,592,24.5,56.0
2023-08-12T11:50:51+0100,464,2023-08-12T11:50:51+0100,20.085601806640625,65.72265625,592,24.5,56.0
2023-08-12T11:50:56+0100,465,2023-08-12T11:50:56+0100,20.114974975585938,65.679931640625,592,24.5,56.0
2023-08-12T11:51:01+0100,466,2023-08-12T11:51:01+0100,20.130996704101562,65.60821533203125,592,24.5,56.0
2023-08-12T11:51:06+0100,467,2023-08-12T11:51:06+0100,20.139007568359375,65.5548095703125,594,24.5,56.0
2023-08-12T11:51:11+0100,468,2023-08-12T11:51:11+0100,20.136337280273438,65.53192138671875,593,24.5,56.0
2023-08-12T11:51:16+0100,469,2023-08-12T11:51:16+0100,20.179061889648438,65.5059814453125,594,24.5,56.0
2023-08-12T11:51:21+0100,470,2023-08-12T11:51:21+0100,20.211105346679688,65.4541015625,594,24.5,56.0
2023-08-12T11:51:27+0100,471,2023-08-12T11:51:27+0100,20.18707275390625,65.4083251953125,597,24.5,56.0
2023-08-12T11:51:32+0100,472,2023-08-12T11:51:32+0100,20.216445922851562,65.35491943359375,601,24.5,56.0
2023-08-12T11:51:37+0100,473,2023-08-12T11:51:37+0100,20.237808227539062,65.2862548828125,601,24.5,56.0
2023-08-12T11:51:42+0100,474,2023-08-12T11:51:42+0100,20.256500244140625,65.31829833984375,601,24.5,56.0
2023-08-12T11:51:47+0100,475,2023-08-12T11:51:47+0100,20.267181396484375,65.2099609375,601,24.5,56.0
2023-08-12T11:51:52+0100,476,2023-08-12T11:51:52+0100,20.288543701171875,65.1763916015625,601,24.5,56.0
2023-08-12T11:51:57+0100,477,2023-08-12T11:51:57+0100,20.299224853515625,65.13671875,601,24.5,56.0
2023-08-12T11:52:02+0100,478,2023-08-12T11:52:02+0100,20.328598022460938,65.1397705078125,600,24.5,56.0
2023-08-12T11:52:08+0100,479,2023-08-12T11:52:08+0100,20.309906005859375,65.0970458984375,600,24.5,56.0
2023-08-12T11:52:13+0100,480,2023-08-12T11:52:13+0100,20.325927734375,65.02685546875,599,24.5,56.0
2023-08-12T11:52:18+0100,481,2023-08-12T11:52:18+0100,20.341949462890625,65.0115966796875,601,24.5,56.0
2023-08-12T11:52:23+0100,482,2023-08-12T11:52:23+0100,20.33660888671875,64.9871826171875,601,24.5,56.0
2023-08-12T11:52:28+0100,483,2023-08-12T11:52:28+0100,20.37933349609375,64.92919921875,601,24.5,56.0
2023-08-12T11:52:33+0100,484,2023-08-12T11:52:33+0100,20.398025512695312,64.89410400390625,602,24.5,56.0
2023-08-12T11:52:38+0100,485,2023-08-12T11:52:38+0100,20.376663208007812,64.81781005859375,603,24.5,56.0
2023-08-12T11:52:44+0100,486,2023-08-12T11:52:44+0100,20.384674072265625,64.84375,603,24.5,56.0
2023-08-12T11:52:49+0100,487,2023-08-12T11:52:49+0100,20.419387817382812,64.78271484375,603,24.5,56.0
2023-08-12T11:52:54+0100,488,2023-08-12T11:52:54+0100,20.424728393554688,64.7857666015625,604,24.5,56.0
2023-08-12T11:52:59+0100,489,2023-08-12T11:52:59+0100,20.438079833984375,64.71405029296875,604,24.5,56.0
2023-08-12T11:53:04+0100,490,2023-08-12T11:53:04+0100,20.456771850585938,64.678955078125,605,24.5,56.0
2023-08-12T11:53:09+0100,491,2023-08-12T11:53:09+0100,20.480804443359375,64.6697998046875,604,24.5,56.0
2023-08-12T11:53:14+0100,492,2023-08-12T11:53:14+0100,20.494155883789062,64.6209716796875,605,24.5,56.0
2023-08-12T11:53:19+0100,493,2023-08-12T11:53:19+0100,20.470123291015625,64.58587646484375,609,24.5,56.0
2023-08-12T11:53:25+0100,494,2023-08-12T11:53:25+0100,20.491485595703125,64.56451416015625,612,24.5,56.0
2023-08-12T11:53:30+0100,495,2023-08-12T11:53:30+0100,20.52886962890625,64.53857421875,612,24.5,56.0
2023-08-12T11:53:35+0100,496,2023-08-12T11:53:35+0100,20.53955078125,64.5111083984375,612,24.5,56.0
2023-08-12T11:53:40+0100,497,2023-08-12T11:53:40+0100,20.536880493164062,64.4866943359375,613,24.5,56.0
2023-08-12T11:53:45+0100,498,2023-08-12T11:53:45+0100,20.52886962890625,64.43939208984375,614,24.5,56.0
2023-08-12T11:53:50+0100,499,2023-08-12T11:53:50+0100,20.566253662109375,64.43634033203125,613,24.5,56.0
2023-08-12T11:53:55+0100,500,2023-08-12T11:53:55+0100,20.55023193359375,64.37225341796875,613,24.5,56.0
2023-08-12T11:54:00+0100,501,2023-08-12T11:54:00+0100,20.566253662109375,64.34783935546875,613,24.5,56.0
2023-08-12T11:54:06+0100,502,2023-08-12T11:54:06+0100,20.57159423828125,64.32952880859375,615,24.5,56.0
2023-08-12T11:54:11+0100,503,2023-08-12T11:54:11+0100,20.579605102539062,64.3218994140625,615,24.5,56.0
2023-08-12T11:54:16+0100,504,2023-08-12T11:54:16+0100,20.63568115234375,64.24102783203125,618,24.5,56.0
2023-08-12T11:54:21+0100,505,2023-08-12T11:54:21+0100,20.633010864257812,64.25018310546875,618,24.5,56.0
2023-08-12T11:54:26+0100,506,2023-08-12T11:54:26+0100,20.633010864257812,64.19525146484375,618,24.5,56.0
2023-08-12T11:54:31+0100,507,2023-08-12T11:54:31+0100,20.622329711914062,64.190673828125,621,24.5,56.0
2023-08-12T11:54:36+0100,508,2023-08-12T11:54:36+0100,20.63568115234375,64.16473388671875,621,24.5,56.0
2023-08-12T11:54:41+0100,509,2023-08-12T11:54:41+0100,20.659713745117188,64.166259765625,620,24.5,56.0
2023-08-12T11:54:47+0100,510,2023-08-12T11:54:47+0100,20.6463623046875,64.08233642578125,621,24.5,56.0
2023-08-12T11:54:52+0100,511,2023-08-12T11:54:52+0100,20.649032592773438,64.1387939453125,620,24.5,56.0
2023-08-12T11:54:57+0100,512,2023-08-12T11:54:57+0100,20.662384033203125,64.07928466796875,621,24.5,56.0
2023-08-12T11:55:02+0100,513,2023-08-12T11:55:02+0100,20.651702880859375,64.03045654296875,620,24.5,56.0
2023-08-12T11:55:07+0100,514,2023-08-12T11:55:07+0100,20.662384033203125,64.02435302734375,620,24.5,56.0
2023-08-12T11:55:12+0100,515,2023-08-12T11:55:12+0100,20.694427490234375,64.00909423828125,620,24.5,56.0
2023-08-12T11:55:17+0100,516,2023-08-12T11:55:17+0100,20.697097778320312,63.96636962890625,620,24.5,56.0
2023-08-12T11:55:22+0100,517,2023-08-12T11:55:22+0100,20.6890869140625,63.95111083984375,621,24.5,56.0
2023-08-12T11:55:28+0100,518,2023-08-12T11:55:28+0100,20.694427490234375,63.922119140625,620,24.5,56.0
2023-08-12T11:55:33+0100,519,2023-08-12T11:55:33+0100,20.715789794921875,63.91143798828125,621,24.5,56.0
2023-08-12T11:55:38+0100,520,2023-08-12T11:55:38+0100,20.705108642578125,63.85040283203125,620,24.5,56.0
2023-08-12T11:55:43+0100,521,2023-08-12T11:55:43+0100,20.713119506835938,63.85498046875,619,24.5,56.0
2023-08-12T11:55:48+0100,522,2023-08-12T11:55:48+0100,20.734481811523438,63.8336181640625,620,24.5,56.0
2023-08-12T11:55:53+0100,523,2023-08-12T11:55:53+0100,20.7318115234375,63.81072998046875,621,24.5,56.0
2023-08-12T11:55:58+0100,524,2023-08-12T11:55:58+0100,20.750503540039062,63.787841796875,622,24.5,56.0
2023-08-12T11:56:03+0100,525,2023-08-12T11:56:03+0100,20.739822387695312,63.78173828125,621,24.5,56.0
2023-08-12T11:56:09+0100,526,2023-08-12T11:56:09+0100,20.755844116210938,63.76953125,621,24.5,56.0
2023-08-12T11:56:14+0100,527,2023-08-12T11:56:14+0100,20.76385498046875,63.7847900390625,621,24.5,56.0
2023-08-12T11:56:19+0100,528,2023-08-12T11:56:19+0100,20.761184692382812,63.7603759765625,622,24.5,56.0
2023-08-12T11:56:24+0100,529,2023-08-12T11:56:24+0100,20.78521728515625,63.77410888671875,622,24.5,56.0
2023-08-12T11:56:29+0100,530,2023-08-12T11:56:29+0100,20.771865844726562,63.71307373046875,623,24.5,56.0
2023-08-12T11:56:34+0100,531,2023-08-12T11:56:34+0100,20.769195556640625,63.677978515625,628,24.5,56.0
2023-08-12T11:56:39+0100,532,2023-08-12T11:56:39+0100,20.7745361328125,63.702392578125,631,24.5,56.0
2023-08-12T11:56:44+0100,533,2023-08-12T11:56:44+0100,20.790557861328125,63.690185546875,631,24.5,56.0
2023-08-12T11:56:50+0100,534,2023-08-12T11:56:50+0100,20.7958984375,63.65966796875,630,24.5,56.0
2023-08-12T11:56:55+0100,535,2023-08-12T11:56:55+0100,20.787887573242188,63.68865966796875,630,24.5,56.0
2023-08-12T11:57:00+0100,536,2023-08-12T11:57:00+0100,20.801239013671875,63.63067626953125,631,24.5,56.0
2023-08-12T11:57:05+0100,537,2023-08-12T11:57:05+0100,20.82794189453125,63.6016845703125,631,24.5,56.0
2023-08-12T11:57:10+0100,538,2023-08-12T11:57:10+0100,20.833282470703125,63.6260986328125,630,24.5,56.0
2023-08-12T11:57:15+0100,539,2023-08-12T11:57:15+0100,20.8172607421875,63.62762451171875,631,24.5,56.0
2023-08-12T11:57:20+0100,540,2023-08-12T11:57:20+0100,20.846633911132812,63.65509033203125,631,24.5,56.0
2023-08-12T11:57:25+0100,541,2023-08-12T11:57:25+0100,20.830612182617188,63.63525390625,630,24.5,56.0
2023-08-12T11:57:31+0100,542,2023-08-12T11:57:31+0100,20.84930419921875,63.64593505859375,632,24.5,56.0
2023-08-12T11:57:36+0100,543,2023-08-12T11:57:36+0100,20.846633911132812,63.6444091796875,631,24.5,56.0
2023-08-12T11:57:41+0100,544,2023-08-12T11:57:41+0100,20.846633911132812,63.61236572265625,631,24.5,56.0
2023-08-12T11:57:46+0100,545,2023-08-12T11:57:46+0100,20.851974487304688,63.65814208984375,631,24.5,56.0
2023-08-12T11:57:51+0100,546,2023-08-12T11:57:51+0100,20.87066650390625,63.60321044921875,632,24.5,56.0
2023-08-12T11:57:56+0100,547,2023-08-12T11:57:56+0100,20.867996215820312,63.580322265625,633,24.5,56.0
