created_at,entry_id,field1,field2,field3,field4,latitude,longitude,elevation,status
2023-07-23T14:32:01+01:00,1,14:32:01,25.001602172851562,57.86895751953125,987,,,,
2023-07-23T14:32:31+01:00,2,14:32:31,22.884063720703125,64.898681640625,976,,,,
2023-07-23T14:33:02+01:00,3,14:33:01,21.572952270507812,69.19097900390625,978,,,,
2023-07-23T14:33:32+01:00,4,14:33:32,20.782546997070312,72.17864990234375,976,,,,
2023-07-23T14:34:03+01:00,5,14:34:02,20.307235717773438,74.10888671875,975,,,,
2023-07-23T14:34:34+01:00,6,14:34:33,20.02685546875,75.341796875,973,,,,
2023-07-23T14:35:04+01:00,7,14:35:03,19.885330200195312,76.0406494140625,972,,,,
2023-07-23T14:35:34+01:00,8,14:35:34,19.789199829101562,76.4556884765625,972,,,,
2023-07-23T14:36:05+01:00,9,14:36:04,19.714431762695312,76.6754150390625,974,,,,
2023-07-23T14:36:35+01:00,10,14:36:35,19.677047729492188,76.8310546875,973,,,,
2023-07-23T14:37:05+01:00,11,14:37:05,19.666366577148438,76.9256591796875,977,,,,
2023-07-23T14:37:36+01:00,12,14:37:35,19.626312255859375,76.92108154296875,976,,,,
2023-07-23T14:38:06+01:00,13,14:38:06,19.596939086914062,76.94854736328125,978,,,,
2023-07-23T14:38:37+01:00,14,14:38:36,19.602279663085938,76.971435546875,977,,,,
2023-07-23T14:39:07+01:00,15,14:39:07,19.642333984375,76.96380615234375,975,,,,
2023-07-23T14:39:38+01:00,16,14:39:37,19.642333984375,76.97601318359375,975,,,,
2023-07-23T14:40:08+01:00,17,14:40:08,19.599609375,76.9256591796875,974,,,,
2023-07-23T14:40:39+01:00,18,14:40:38,19.628982543945312,76.90887451171875,974,,,,
2023-07-23T14:41:09+01:00,19,14:41:09,19.6209716796875,76.88751220703125,975,,,,
2023-07-23T14:41:39+01:00,20,14:41:39,19.615631103515625,76.910400390625,974,,,,
2023-07-23T14:42:10+01:00,21,14:42:10,19.6209716796875,76.910400390625,975,,,,
2023-07-23T14:42:40+01:00,22,14:42:40,19.628982543945312,76.873779296875,975,,,,
2023-07-23T14:43:11+01:00,23,14:43:10,19.626312255859375,76.86309814453125,977,,,,
2023-07-23T14:43:41+01:00,24,14:43:41,19.650344848632812,76.84783935546875,979,,,,
2023-07-23T14:44:12+01:00,25,14:44:11,19.647674560546875,76.7547607421875,981,,,,
2023-07-23T14:44:42+01:00,26,14:44:42,19.639663696289062,76.71051025390625,984,,,,
2023-07-23T14:45:13+01:00,27,14:45:12,19.687728881835938,76.678466796875,984,,,,
2023-07-23T14:45:43+01:00,28,14:45:43,19.666366577148438,76.71661376953125,992,,,,
2023-07-23T14:46:14+01:00,29,14:46:13,19.661026000976562,76.74102783203125,992,,,,
2023-07-23T14:46:44+01:00,30,14:46:44,19.67437744140625,76.69219970703125,993,,,,
2023-07-23T14:47:14+01:00,31,14:47:14,19.682388305664062,76.63421630859375,990,,,,
2023-07-23T14:47:45+01:00,32,14:47:44,19.693069458007812,76.58538818359375,990,,,,
2023-07-23T14:48:15+01:00,33,14:48:15,19.666366577148438,76.5777587890625,991,,,,
2023-07-23T14:48:46+01:00,34,14:48:45,19.698410034179688,76.55029296875,991,,,,
2023-07-23T14:49:16+01:00,35,14:49:16,19.693069458007812,76.64337158203125,993,,,,
2023-07-23T14:49:47+01:00,36,14:49:46,19.68505859375,76.49383544921875,993,,,,
2023-07-23T14:50:17+01:00,37,14:50:17,19.722442626953125,76.47705078125,993,,,,
2023-07-23T14:50:48+01:00,38,14:50:47,19.709091186523438,76.52587890625,992,,,,
2023-07-23T14:51:18+01:00,39,14:51:18,19.68505859375,76.50604248046875,991,,,,
2023-07-23T14:51:48+01:00,40,14:51:48,19.711761474609375,76.47857666015625,988,,,,
2023-07-23T14:52:19+01:00,41,14:52:18,19.701080322265625,76.50299072265625,988,,,,
2023-07-23T14:52:49+01:00,42,14:52:49,19.682388305664062,76.5289306640625,986,,,,
2023-07-23T14:53:20+01:00,43,14:53:19,19.69573974609375,76.53961181640625,987,,,,
2023-07-23T14:53:50+01:00,44,14:53:50,19.714431762695312,76.53656005859375,987,,,,
2023-07-23T14:54:21+01:00,45,14:54:20,19.722442626953125,76.4190673828125,986,,,,
2023-07-23T14:54:51+01:00,46,14:54:51,19.714431762695312,76.397705078125,987,,,,
2023-07-23T14:55:22+01:00,47,14:55:21,19.719772338867188,76.40838623046875,987,,,,
2023-07-23T14:55:52+01:00,48,14:55:52,19.703750610351562,76.318359375,987,,,,
2023-07-23T14:56:22+01:00,49,14:56:22,19.725112915039062,76.33819580078125,986,,,,
2023-07-23T14:56:53+01:00,50,14:56:53,19.722442626953125,76.36260986328125,986,,,,
2023-07-23T14:57:23+01:00,51,14:57:23,19.714431762695312,76.3519287109375,986,,,,
2023-07-23T14:57:54+01:00,52,14:57:53,19.725112915039062,76.385498046875,988,,,,
2023-07-23T14:58:24+01:00,53,14:58:24,19.714431762695312,76.3519287109375,987,,,,
2023-07-23T14:58:55+01:00,54,14:58:54,19.730453491210938,76.3153076171875,988,,,,
2023-07-23T14:59:25+01:00,55,14:59:25,19.746475219726562,76.2542724609375,987,,,,
2023-07-23T14:59:56+01:00,56,14:59:55,19.75982666015625,75.885009765625,983,,,,
2023-07-23T15:00:26+01:00,57,15:00:26,19.599609375,75.20599365234375,944,,,,
2023-07-23T15:00:56+01:00,58,15:00:56,19.484786987304688,75.08392333984375,917,,,,
2023-07-23T15:01:27+01:00,59,15:01:27,19.39666748046875,75.146484375,884,,,,
2023-07-23T15:01:57+01:00,60,15:01:57,19.28985595703125,75.128173828125,872,,,,
2023-07-23T15:02:28+01:00,61,15:02:27,19.188385009765625,75.01220703125,836,,,,
2023-07-23T15:02:58+01:00,62,15:02:58,19.100265502929688,75.09765625,828,,,,
2023-07-23T15:03:29+01:00,63,15:03:28,18.84124755859375,74.5025634765625,769,,,,
2023-07-23T15:03:59+01:00,64,15:03:59,18.496780395507812,74.82452392578125,683,,,,
2023-07-23T15:04:30+01:00,65,15:04:29,18.22174072265625,75.65460205078125,674,,,,
2023-07-23T15:05:00+01:00,66,15:05:00,18.032150268554688,76.44195556640625,667,,,,
2023-07-23T15:05:30+01:00,67,15:05:30,17.919998168945312,77.0782470703125,647,,,,
2023-07-23T15:06:01+01:00,68,15:06:01,17.861251831054688,77.4505615234375,646,,,,
2023-07-23T15:06:31+01:00,69,15:06:31,17.834548950195312,77.96630859375,644,,,,
2023-07-23T15:07:02+01:00,70,15:07:01,17.767791748046875,77.7587890625,642,,,,
2023-07-23T15:07:32+01:00,71,15:07:32,17.604904174804688,77.20184326171875,476,,,,
2023-07-23T15:08:03+01:00,72,15:08:02,17.482070922851562,77.75726318359375,477,,,,
2023-07-23T15:08:33+01:00,73,15:08:33,17.364578247070312,77.239990234375,479,,,,
2023-07-23T15:09:04+01:00,74,15:09:03,17.231063842773438,77.3529052734375,477,,,,
2023-07-23T15:09:34+01:00,75,15:09:34,17.022781372070312,77.777099609375,452,,,,
2023-07-23T15:10:04+01:00,76,15:10:04,16.907958984375,78.90625,455,,,,
2023-07-23T15:10:35+01:00,77,15:10:35,16.91864013671875,79.57916259765625,457,,,,
2023-07-23T15:11:05+01:00,78,15:11:05,16.830520629882812,79.913330078125,462,,,,
2023-07-23T15:11:36+01:00,79,15:11:35,16.753082275390625,80.47332763671875,465,,,,
2023-07-23T15:12:06+01:00,80,15:12:06,16.614227294921875,80.50079345703125,463,,,,
2023-07-23T15:12:37+01:00,81,15:12:36,16.550140380859375,81.0821533203125,463,,,,
2023-07-23T15:13:07+01:00,82,15:13:07,16.456680297851562,80.86090087890625,460,,,,
2023-07-23T15:13:38+01:00,83,15:13:37,16.3311767578125,80.99822998046875,446,,,,
2023-07-23T15:14:08+01:00,84,15:14:08,16.253738403320312,81.4849853515625,425,,,,
2023-07-23T15:14:39+01:00,85,15:14:38,16.224365234375,82.4249267578125,424,,,,
2023-07-23T15:15:09+01:00,86,15:15:08,16.194992065429688,82.7667236328125,424,,,,
2023-07-23T15:15:39+01:00,87,15:15:39,16.184310913085938,83.48236083984375,435,,,,
2023-07-23T15:16:10+01:00,88,15:16:09,16.205673217773438,83.12530517578125,441,,,,
2023-07-23T15:16:40+01:00,89,15:16:40,16.194992065429688,83.43963623046875,442,,,,
2023-07-23T15:17:11+01:00,90,15:17:10,16.219024658203125,83.55560302734375,446,,,,
2023-07-23T15:17:41+01:00,91,15:17:41,16.178970336914062,83.62579345703125,448,,,,
2023-07-23T15:18:12+01:00,92,15:18:11,16.152267456054688,83.56781005859375,448,,,,
2023-07-23T15:18:42+01:00,93,15:18:42,16.104202270507812,83.94012451171875,452,,,,
2023-07-23T15:19:13+01:00,94,15:19:12,16.146926879882812,84.027099609375,454,,,,
2023-07-23T15:19:43+01:00,95,15:19:43,16.024093627929688,83.8348388671875,453,,,,
2023-07-23T15:20:13+01:00,96,15:20:13,15.909271240234375,84.00115966796875,450,,,,
2023-07-23T15:20:44+01:00,97,15:20:43,15.781097412109375,84.5611572265625,441,,,,
2023-07-23T15:21:14+01:00,98,15:21:14,15.676956176757812,84.6832275390625,439,,,,
2023-07-23T15:21:45+01:00,99,15:21:44,15.58349609375,84.95330810546875,426,,,,
2023-07-23T15:22:15+01:00,100,15:22:15,15.524749755859375,85.5438232421875,411,,,,
2023-07-23T15:22:46+01:00,101,15:22:45,15.503387451171875,85.85662841796875,413,,,,
2023-07-23T15:23:16+01:00,102,15:23:16,15.500717163085938,86.21673583984375,414,,,,
2023-07-23T15:23:46+01:00,103,15:23:46,15.556793212890625,86.4593505859375,413,,,,
2023-07-23T15:24:17+01:00,104,15:24:16,15.682296752929688,86.69891357421875,435,,,,
2023-07-23T15:24:47+01:00,105,15:24:47,15.80780029296875,86.151123046875,436,,,,
2023-07-23T15:25:18+01:00,106,15:25:17,15.890579223632812,85.8856201171875,439,,,,
2023-07-23T15:25:48+01:00,107,15:25:48,15.853195190429688,85.504150390625,440,,,,
2023-07-23T15:26:19+01:00,108,15:26:18,15.714340209960938,85.48583984375,438,,,,
2023-07-23T15:26:49+01:00,109,15:26:49,15.869216918945312,85.91461181640625,440,,,,
2023-07-23T15:27:20+01:00,110,15:27:19,15.74371337890625,85.50262451171875,438,,,,
2023-07-23T15:27:50+01:00,111,15:27:50,15.692977905273438,85.30731201171875,435,,,,
2023-07-23T15:28:20+01:00,112,15:28:20,15.548782348632812,85.33782958984375,433,,,,
2023-07-23T15:28:51+01:00,113,15:28:50,15.495376586914062,86.23046875,431,,,,
2023-07-23T15:29:21+01:00,114,15:29:21,15.511398315429688,86.2030029296875,429,,,,
2023-07-23T15:29:52+01:00,115,15:29:51,15.500717163085938,86.41204833984375,431,,,,
2023-07-23T15:30:22+01:00,116,15:30:22,15.67962646484375,86.68365478515625,432,,,,
2023-07-23T15:30:53+01:00,117,15:30:52,15.599517822265625,86.19232177734375,432,,,,
2023-07-23T15:31:23+01:00,118,15:31:23,15.570144653320312,86.175537109375,432,,,,
2023-07-23T15:31:54+01:00,119,15:31:53,15.455322265625,86.2274169921875,431,,,,
2023-07-23T15:32:24+01:00,120,15:32:23,15.396575927734375,86.3128662109375,425,,,,
2023-07-23T15:32:54+01:00,121,15:32:54,15.289764404296875,86.785888671875,422,,,,
2023-07-23T15:33:25+01:00,122,15:33:24,15.153579711914062,87.091064453125,418,,,,
2023-07-23T15:33:55+01:00,123,15:33:55,15.044097900390625,87.62969970703125,400,,,,
2023-07-23T15:34:26+01:00,124,15:34:25,15.073471069335938,88.0340576171875,365,,,,
2023-07-23T15:34:56+01:00,125,15:34:56,15.18829345703125,87.9974365234375,404,,,,
2023-07-23T15:35:27+01:00,126,15:35:26,15.121536254882812,87.63885498046875,402,,,,
2023-07-23T15:35:57+01:00,127,15:35:57,15.094833374023438,87.8204345703125,401,,,,
2023-07-23T15:36:28+01:00,128,15:36:27,15.185623168945312,88.39569091796875,401,,,,
2023-07-23T15:36:58+01:00,129,15:36:57,15.196304321289062,88.043212890625,400,,,,
2023-07-23T15:37:28+01:00,130,15:37:28,15.193634033203125,88.28887939453125,399,,,,
2023-07-23T15:37:59+01:00,131,15:37:58,15.292434692382812,88.336181640625,401,,,,
2023-07-23T15:38:29+01:00,132,15:38:29,15.287094116210938,87.83416748046875,408,,,,
2023-07-23T15:39:00+01:00,133,15:38:59,15.132217407226562,87.48626708984375,407,,,,
2023-07-23T15:39:30+01:00,134,15:39:30,15.046768188476562,88.0157470703125,406,,,,
2023-07-23T15:40:01+01:00,135,15:40:00,15.036087036132812,88.43231201171875,406,,,,
2023-07-23T15:40:31+01:00,136,15:40:31,14.93194580078125,88.623046875,403,,,,
2023-07-23T15:41:01+01:00,137,15:41:01,14.9212646484375,89.05792236328125,402,,,,
2023-07-23T15:41:32+01:00,138,15:41:31,14.972000122070312,89.1082763671875,401,,,,
2023-07-23T15:42:02+01:00,139,15:42:02,14.99603271484375,88.69171142578125,402,,,,
2023-07-23T15:42:33+01:00,140,15:42:32,14.88922119140625,88.897705078125,400,,,,
2023-07-23T15:43:03+01:00,141,15:43:03,14.99603271484375,89.35699462890625,400,,,,
2023-07-23T15:43:34+01:00,142,15:43:33,14.950637817382812,89.07470703125,398,,,,
2023-07-23T15:44:04+01:00,143,15:44:04,14.84649658203125,89.03350830078125,396,,,,
2023-07-23T15:44:35+01:00,144,15:44:34,14.731674194335938,89.53857421875,377,,,,
2023-07-23T15:45:05+01:00,145,15:45:04,14.745025634765625,89.9169921875,376,,,,
2023-07-23T15:45:35+01:00,146,15:45:35,14.704971313476562,89.9444580078125,376,,,,
2023-07-23T15:46:06+01:00,147,15:46:05,14.683609008789062,89.86358642578125,377,,,,
2023-07-23T15:46:36+01:00,148,15:46:36,14.560775756835938,90.05279541015625,376,,,,
2023-07-23T15:47:07+01:00,149,15:47:06,14.582138061523438,90.5487060546875,376,,,,
2023-07-23T15:47:37+01:00,150,15:47:37,14.59014892578125,90.61431884765625,375,,,,
2023-07-23T15:48:08+01:00,151,15:48:07,14.651565551757812,90.98358154296875,376,,,,
2023-07-23T15:48:38+01:00,152,15:48:38,14.608840942382812,90.72723388671875,374,,,,
2023-07-23T15:49:08+01:00,153,15:49:08,14.544754028320312,90.87982177734375,372,,,,
2023-07-23T15:49:39+01:00,154,15:49:38,14.603500366210938,91.39404296875,373,,,,
2023-07-23T15:50:09+01:00,155,15:50:09,14.619522094726562,91.204833984375,374,,,,
2023-07-23T15:50:40+01:00,156,15:50:39,14.606170654296875,91.29791259765625,374,,,,
2023-07-23T15:51:10+01:00,157,15:51:10,14.542083740234375,91.40625,374,,,,
2023-07-23T15:51:41+01:00,158,15:51:40,14.624862670898438,91.363525390625,371,,,,
2023-07-23T15:52:11+01:00,159,15:52:11,15.022735595703125,91.19873046875,372,,,,
2023-07-23T15:52:42+01:00,160,15:52:41,15.524749755859375,90.185546875,451,,,,
2023-07-23T15:53:12+01:00,161,15:53:12,15.919952392578125,88.84735107421875,516,,,,
2023-07-23T15:53:42+01:00,162,15:53:42,16.339187622070312,87.20855712890625,525,,,,
2023-07-23T15:54:13+01:00,163,15:54:12,16.624908447265625,86.041259765625,551,,,,
2023-07-23T15:54:43+01:00,164,15:54:43,16.846542358398438,85.07537841796875,556,,,,
2023-07-23T15:55:14+01:00,165,15:55:13,17.062835693359375,84.2041015625,558,,,,
2023-07-23T15:55:44+01:00,166,15:55:44,17.241744995117188,83.18023681640625,586,,,,
2023-07-23T15:56:15+01:00,167,15:56:14,17.385940551757812,82.45697021484375,604,,,,
2023-07-23T15:56:45+01:00,168,15:56:45,17.476730346679688,82.01446533203125,602,,,,
2023-07-23T15:57:16+01:00,169,15:57:15,17.551498413085938,81.6314697265625,604,,,,
2023-07-23T15:57:46+01:00,170,15:57:46,17.586212158203125,81.31103515625,604,,,,
2023-07-23T15:58:16+01:00,171,15:58:16,17.663650512695312,80.8929443359375,601,,,,
2023-07-23T15:58:47+01:00,172,15:58:46,17.743759155273438,80.4107666015625,600,,,,
2023-07-23T15:59:17+01:00,173,15:59:17,17.823867797851562,79.92095947265625,598,,,,
2023-07-23T15:59:48+01:00,174,15:59:47,17.919998168945312,79.522705078125,597,,,,
2023-07-23T16:00:18+01:00,175,16:00:18,17.973403930664062,79.18243408203125,595,,,,
2023-07-23T16:00:49+01:00,176,16:00:48,18.045501708984375,78.99627685546875,593,,,,
2023-07-23T16:01:19+01:00,177,16:01:19,18.066864013671875,78.82843017578125,592,,,,
2023-07-23T16:01:49+01:00,178,16:01:49,18.096237182617188,78.6346435546875,589,,,,
2023-07-23T16:02:20+01:00,179,16:02:19,18.17901611328125,78.5003662109375,588,,,,
2023-07-23T16:02:51+01:00,180,16:02:50,18.216400146484375,78.39508056640625,587,,,,
2023-07-23T16:03:21+01:00,181,16:03:20,18.269805908203125,78.25164794921875,587,,,,
2023-07-23T16:03:51+01:00,182,16:03:51,18.288497924804688,78.2623291015625,585,,,,
2023-07-23T16:04:22+01:00,183,16:04:21,18.31787109375,78.25927734375,583,,,,
2023-07-23T16:04:52+01:00,184,16:04:52,18.352584838867188,78.179931640625,582,,,,
2023-07-23T16:05:23+01:00,185,16:05:22,18.3819580078125,78.08990478515625,581,,,,
2023-07-23T16:05:53+01:00,186,16:05:53,18.405990600585938,77.96173095703125,581,,,,
2023-07-23T16:06:24+01:00,187,16:06:23,18.422012329101562,77.935791015625,583,,,,
2023-07-23T16:06:54+01:00,188,16:06:54,18.443374633789062,77.8961181640625,581,,,,
2023-07-23T16:07:24+01:00,189,16:07:24,18.459396362304688,77.9937744140625,580,,,,
2023-07-23T16:07:55+01:00,190,16:07:54,18.494110107421875,78.28826904296875,582,,,,
2023-07-23T16:08:25+01:00,191,16:08:25,18.518142700195312,78.34625244140625,598,,,,
2023-07-23T16:08:56+01:00,192,16:08:55,18.528823852539062,78.38287353515625,619,,,,
2023-07-23T16:09:26+01:00,193,16:09:26,18.550186157226562,78.3416748046875,643,,,,
2023-07-23T16:09:57+01:00,194,16:09:56,18.603591918945312,78.28521728515625,682,,,,
2023-07-23T16:10:27+01:00,195,16:10:26,18.598251342773438,78.23638916015625,684,,,,
2023-07-23T16:10:57+01:00,196,16:10:57,18.654327392578125,78.216552734375,686,,,,
2023-07-23T16:11:28+01:00,197,16:11:27,18.665008544921875,78.1036376953125,692,,,,
2023-07-23T16:11:58+01:00,198,16:11:58,18.705062866210938,77.9632568359375,719,,,,
2023-07-23T16:12:29+01:00,199,16:12:28,18.69171142578125,77.85491943359375,720,,,,
2023-07-23T16:12:59+01:00,200,16:12:59,18.729095458984375,77.73895263671875,722,,,,
2023-07-23T16:13:30+01:00,201,16:13:29,18.7664794921875,77.62451171875,721,,,,
2023-07-23T16:14:01+01:00,202,16:14:00,18.758468627929688,77.587890625,722,,,,
2023-07-23T16:14:31+01:00,203,16:14:30,18.782501220703125,77.53753662109375,724,,,,
2023-07-23T16:15:01+01:00,204,16:15:00,18.806533813476562,77.43682861328125,726,,,,
2023-07-23T16:15:32+01:00,205,16:15:31,18.835906982421875,77.3834228515625,728,,,,
2023-07-23T16:16:02+01:00,206,16:16:01,18.811874389648438,77.423095703125,731,,,,
2023-07-23T16:16:32+01:00,207,16:16:32,18.843917846679688,77.3101806640625,735,,,,
2023-07-23T16:17:03+01:00,208,16:17:02,18.843917846679688,77.1759033203125,737,,,,
2023-07-23T16:17:34+01:00,209,16:17:33,18.891983032226562,77.06146240234375,740,,,,
2023-07-23T16:18:04+01:00,210,16:18:03,18.899993896484375,77.06146240234375,748,,,,
2023-07-23T16:18:34+01:00,211,16:18:34,18.940048217773438,76.947021484375,760,,,,
2023-07-23T16:19:05+01:00,212,16:19:04,18.929367065429688,76.94854736328125,769,,,,
2023-07-23T16:19:35+01:00,213,16:19:35,18.945388793945312,76.86309814453125,780,,,,
2023-07-23T16:20:05+01:00,214,16:20:05,18.966751098632812,76.81121826171875,781,,,,
2023-07-23T16:20:36+01:00,215,16:20:35,18.950729370117188,76.72882080078125,782,,,,
2023-07-23T16:21:07+01:00,216,16:21:06,18.974761962890625,76.690673828125,789,,,,
2023-07-23T16:21:37+01:00,217,16:21:36,18.9801025390625,76.666259765625,791,,,,
2023-07-23T16:22:07+01:00,218,16:22:07,18.998794555664062,76.61590576171875,794,,,,
2023-07-23T16:22:38+01:00,219,16:22:37,18.99078369140625,76.556396484375,797,,,,
2023-07-23T16:23:08+01:00,220,16:23:08,19.01214599609375,76.53045654296875,808,,,,
2023-07-23T16:23:39+01:00,221,16:23:38,19.028167724609375,76.45721435546875,810,,,,
2023-07-23T16:24:09+01:00,222,16:24:09,19.041519165039062,76.4312744140625,811,,,,
2023-07-23T16:24:39+01:00,223,16:24:39,19.07623291015625,76.34429931640625,812,,,,
2023-07-23T16:25:10+01:00,224,16:25:09,19.041519165039062,76.300048828125,820,,,,
2023-07-23T16:25:41+01:00,225,16:25:40,19.07623291015625,76.33209228515625,822,,,,
2023-07-23T16:26:11+01:00,226,16:26:10,19.084243774414062,76.1993408203125,834,,,,
2023-07-23T16:26:41+01:00,227,16:26:41,19.100265502929688,76.1383056640625,835,,,,
2023-07-23T16:27:12+01:00,228,16:27:11,19.094924926757812,76.10321044921875,838,,,,
2023-07-23T16:27:42+01:00,229,16:27:42,19.089584350585938,76.11541748046875,844,,,,
2023-07-23T16:28:13+01:00,230,16:28:12,19.09759521484375,76.11541748046875,845,,,,
2023-07-23T16:28:44+01:00,231,16:28:43,19.121627807617188,76.11236572265625,854,,,,
2023-07-23T16:29:14+01:00,232,16:29:13,19.110946655273438,76.1138916015625,856,,,,
2023-07-23T16:29:44+01:00,233,16:29:43,19.132308959960938,76.0284423828125,860,,,,
2023-07-23T16:30:14+01:00,234,16:30:14,19.121627807617188,75.96893310546875,861,,,,
2023-07-23T16:30:45+01:00,235,16:30:44,19.116287231445312,76.00555419921875,864,,,,
2023-07-23T16:31:15+01:00,236,16:31:15,19.129638671875,75.94451904296875,876,,,,
2023-07-23T16:31:46+01:00,237,16:31:45,19.14031982421875,75.848388671875,876,,,,
2023-07-23T16:32:16+01:00,238,16:32:16,19.100265502929688,75.970458984375,878,,,,
2023-07-23T16:32:47+01:00,239,16:32:46,19.1510009765625,75.93231201171875,879,,,,
2023-07-23T16:33:17+01:00,240,16:33:17,19.1510009765625,75.872802734375,881,,,,
2023-07-23T16:33:48+01:00,241,16:33:47,19.14031982421875,75.96893310546875,887,,,,
2023-07-23T16:34:18+01:00,242,16:34:17,19.148330688476562,75.90789794921875,896,,,,
2023-07-23T16:34:48+01:00,243,16:34:48,19.167022705078125,75.823974609375,898,,,,
2023-07-23T16:35:19+01:00,244,16:35:18,19.164352416992188,75.89569091796875,908,,,,
2023-07-23T16:35:50+01:00,245,16:35:49,19.17236328125,75.811767578125,913,,,,
2023-07-23T16:36:20+01:00,246,16:36:19,19.175033569335938,75.799560546875,915,,,,
2023-07-23T16:36:50+01:00,247,16:36:50,19.175033569335938,75.750732421875,922,,,,
2023-07-23T16:37:21+01:00,248,16:37:20,19.164352416992188,75.823974609375,923,,,,
2023-07-23T16:37:51+01:00,249,16:37:51,19.175033569335938,75.750732421875,926,,,,
2023-07-23T16:38:22+01:00,250,16:38:21,19.167022705078125,75.85906982421875,928,,,,
2023-07-23T16:38:52+01:00,251,16:38:51,19.175033569335938,75.83465576171875,930,,,,
2023-07-23T16:39:22+01:00,252,16:39:22,19.185714721679688,75.750732421875,933,,,,
2023-07-23T16:39:53+01:00,253,16:39:52,19.207077026367188,75.7843017578125,933,,,,
2023-07-23T16:40:24+01:00,254,16:40:23,19.201736450195312,75.88043212890625,937,,,,
2023-07-23T16:40:54+01:00,255,16:40:53,19.185714721679688,75.94146728515625,938,,,,
2023-07-23T16:41:24+01:00,256,16:41:24,19.231109619140625,75.88958740234375,941,,,,
2023-07-23T16:41:55+01:00,257,16:41:54,19.215087890625,75.927734375,944,,,,
2023-07-23T16:42:25+01:00,258,16:42:25,19.191055297851562,75.9521484375,961,,,,
2023-07-23T16:42:56+01:00,259,16:42:55,19.209747314453125,75.91552734375,965,,,,
2023-07-23T16:43:26+01:00,260,16:43:25,19.20440673828125,75.9521484375,980,,,,
2023-07-23T16:43:56+01:00,261,16:43:56,19.199066162109375,76.02386474609375,982,,,,
2023-07-23T16:44:27+01:00,262,16:44:26,19.175033569335938,76.09710693359375,987,,,,
2023-07-23T16:44:58+01:00,263,16:44:57,19.1510009765625,76.17034912109375,990,,,,
2023-07-23T16:45:28+01:00,264,16:45:27,19.132308959960938,76.26800537109375,1008,,,,
2023-07-23T16:45:58+01:00,265,16:45:58,19.102935791015625,76.36566162109375,1008,,,,
2023-07-23T16:46:29+01:00,266,16:46:28,19.110946655273438,76.16119384765625,1010,,,,
2023-07-23T16:46:59+01:00,267,16:46:59,19.148330688476562,75.9552001953125,1011,,,,
2023-07-23T16:47:30+01:00,268,16:47:29,19.142990112304688,75.96893310546875,1011,,,,
2023-07-23T16:48:00+01:00,269,16:47:59,19.153671264648438,75.92010498046875,1011,,,,
2023-07-23T16:48:30+01:00,270,16:48:30,19.156341552734375,75.811767578125,1011,,,,
2023-07-23T16:49:01+01:00,271,16:49:00,19.142990112304688,75.76446533203125,1013,,,,
2023-07-23T16:49:31+01:00,272,16:49:31,19.148330688476562,75.848388671875,1018,,,,
2023-07-23T16:50:02+01:00,273,16:50:01,19.148330688476562,75.92010498046875,1019,,,,
2023-07-23T16:50:32+01:00,274,16:50:32,19.137649536132812,75.897216796875,1020,,,,
2023-07-23T16:51:03+01:00,275,16:51:02,19.121627807617188,75.87432861328125,1020,,,,
2023-07-23T16:51:33+01:00,276,16:51:33,19.156341552734375,75.836181640625,1021,,,,
2023-07-23T16:52:04+01:00,277,16:52:03,19.113616943359375,75.86212158203125,1023,,,,
2023-07-23T16:52:34+01:00,278,16:52:33,19.126968383789062,75.87432861328125,1023,,,,
2023-07-23T16:53:04+01:00,279,16:53:04,19.129638671875,75.7293701171875,1024,,,,
2023-07-23T16:53:35+01:00,280,16:53:34,19.124298095703125,75.73089599609375,1023,,,,
2023-07-23T16:54:06+01:00,281,16:54:05,19.145660400390625,75.66986083984375,1022,,,,
2023-07-23T16:54:36+01:00,282,16:54:35,19.175033569335938,75.5126953125,1023,,,,
2023-07-23T16:55:07+01:00,283,16:55:06,19.156341552734375,75.57373046875,1023,,,,
2023-07-23T16:55:37+01:00,284,16:55:36,19.180374145507812,75.6195068359375,1026,,,,
2023-07-23T16:56:07+01:00,285,16:56:07,19.14031982421875,75.7659912109375,1025,,,,
2023-07-23T16:56:38+01:00,286,16:56:37,19.100265502929688,75.8636474609375,1025,,,,
2023-07-23T16:57:08+01:00,287,16:57:08,19.094924926757812,75.82855224609375,1027,,,,
2023-07-23T16:57:39+01:00,288,16:57:38,19.121627807617188,75.74310302734375,1029,,,,
2023-07-23T16:58:09+01:00,289,16:58:09,19.100265502929688,75.75531005859375,1029,,,,
2023-07-23T16:58:39+01:00,290,16:58:39,19.102935791015625,75.8148193359375,1031,,,,
2023-07-23T16:59:10+01:00,291,16:59:09,19.105606079101562,75.74310302734375,1031,,,,
2023-07-23T16:59:40+01:00,292,16:59:40,19.110946655273438,75.77972412109375,1030,,,,
2023-07-23T17:00:11+01:00,293,17:00:10,19.105606079101562,75.75531005859375,1032,,,,
2023-07-23T17:00:41+01:00,294,17:00:41,19.100265502929688,75.79193115234375,1035,,,,
2023-07-23T17:01:12+01:00,295,17:01:11,19.110946655273438,75.6591796875,1036,,,,
2023-07-23T17:01:42+01:00,296,17:01:42,19.113616943359375,75.62408447265625,1037,,,,
2023-07-23T17:02:13+01:00,297,17:02:12,19.124298095703125,75.4913330078125,1037,,,,
2023-07-23T17:02:43+01:00,298,17:02:43,19.148330688476562,75.54931640625,1037,,,,
2023-07-23T17:03:14+01:00,299,17:03:13,19.124298095703125,75.53863525390625,1037,,,,
2023-07-23T17:03:44+01:00,300,17:03:44,19.113616943359375,75.64697265625,1038,,,,
2023-07-23T17:04:14+01:00,301,17:04:14,19.102935791015625,75.72021484375,1038,,,,
2023-07-23T17:04:45+01:00,302,17:04:44,19.100265502929688,75.68359375,1039,,,,
2023-07-23T17:05:15+01:00,303,17:05:15,19.124298095703125,75.6103515625,1040,,,,
2023-07-23T17:05:46+01:00,304,17:05:45,19.137649536132812,75.4669189453125,1040,,,,
2023-07-23T17:06:16+01:00,305,17:06:16,19.1510009765625,75.47760009765625,1039,,,,
2023-07-23T17:06:47+01:00,306,17:06:46,19.137649536132812,75.5859375,1040,,,,
